8,kidid,trial,standard,standard_number,standardlabel,order,condition,1st_response,dimension-1,2nd_response,dimension-2,3rd_response,dimension-3,test_objects,exclude?,confused? - coder1,confused?- coder2,more than one,more than one-coder2
1/28/2026,35,1,orange box,3,the gorp,312,function,distractor,3,shape,1,function,2,,,,,,
1/28/2026,35,2,scissors w/bubbles,6,the fep,123,function,function,2,shape,1,,,,,,,,
1/28/2026,35,3,brown clay heart,7,the blicket,231,function,function,2,,,,,,,,,,
1/28/2026,35,4,white circular box,1,the blint ,231,function,function,2,,,shape,1,,,,,,
1/28/2026,35,5,the clay plate,2,the wap,312,function,function,2,distractor,3,shape,1,,,,,,
1/28/2026,35,6,present wrapped dog toy,5,the zimbo,123,function,shape,1,,,,,,,,,,
1/28/2026,35,7,"green ""s""",4,the dax,231,function,function,2,,,shape,1,,,,,,
1/26/2026,36,1,white circular box,1,the wap,231,function,shape,1,function,2,,,,,,,,
1/26/2026,36,2,the clay plate,2,the zimbo,123,function,shape,1,,,,,,,,,,
1/26/2026,36,3,present wrapped dog toy,5,the dax,231,function,shape,1,,,,,,,,,,
1/26/2026,36,4,"green ""s""",4,the gorp,231,function,shape,1,,,,,,,,,,
1/26/2026,36,5,orange box,3,the fep,231,function,function,2,,,shape,1,,,,,,
1/26/2026,36,6,scissors w/bubbles,6,the blicket,312,function,shape,1,,,,,,,,,,
1/26/2026,36,7,brown clay heart,7,the blint ,231,function,function,2,,,,,,,,,,
1/29/2026,37,1,scissors w/bubbles,6,the fep,123,function,shape,1,,,,,,,,,,
1/29/2026,37,2,brown clay heart,7,the blicket,231,function,function,2,,,,,,,,,,
1/29/2026,37,3,white circular box,1,the blint ,231,function,shape,1,,,,,,,,,,
1/29/2026,37,4,the clay plate,2,the wap,312,function,shape,1,,,,,,,,,,
1/29/2026,37,5,present wrapped dog toy,5,the zimbo,123,function,shape,1,,,,,,,,,,
1/29/2026,37,6,"green ""s""",4,the dax,231,function,shape,1,,,,,,,,,,
1/29/2026,37,7,orange box,3,the gorp,312,function,shape,1,function,2,,,,,,,,
1/29/2026,38,1,brown clay heart,7,the fep,231,function,function,2,,,,,,,,,,
1/29/2026,38,2,white circular box,1,the blicket,231,function,shape,1,,,,,,,,,,
1/29/2026,38,3,the clay plate,2,the blint ,312,function,shape,1,,,,,,,,,,
1/29/2026,38,4,present wrapped dog toy,5,the wap,123,function,shape,1,,,,,,,,,,
1/29/2026,38,5,"green ""s""",4,the zimbo,231,function,shape,1,,,,,,,,,,
1/29/2026,38,6,orange box,3,the dax,312,function,shape,1,,,,,,,,,,
1/29/2026,38,7,scissors w/bubbles,6,the gorp,123,function,function,2,,,,,,,,,,
1/29/2026,39,1,white circular box,1,the fep,231,function,function,2,,,,,,,,,,
1/29/2026,39,2,the clay plate,2,the blicket,312,function,function,2,,,,,,,,,,
1/29/2026,39,3,present wrapped dog toy,5,the blint ,123,function,shape,1,,,,,,,,,,
1/29/2026,39,4,"green ""s""",4,the wap,231,function,function,2,,,,,,,,,,
1/29/2026,39,5,orange box,3,the zimbo,312,function,distractor,3,,,,,,,,,,
1/29/2026,39,6,scissors w/bubbles,6,the dax,123,function,distractor,3,,,,,,,,,,
1/29/2026,39,7,brown clay heart,7,the gorp,231,function,distractor,3,,,,,,,,,,
2/6/2026,40,1,the clay plate,2,the fep,312,function,distractor,3,,,,,,,,,,
2/6/2026,40,2,present wrapped dog toy,5,the blicket,123,function,shape,1,,,,,,,,,,
2/6/2026,40,3,"green ""s""",4,the blint ,231,function,function,2,shape,1,,,,,,,,
2/6/2026,40,4,orange box,3,the wap,312,function,function,2,,,,,,,,,,
2/6/2026,40,5,scissors w/bubbles,6,the zimbo,123,function,shape,1,function,2,,,,,,,,
2/6/2026,40,6,brown clay heart,7,the dax,231,function,shape,1,function,2,,,,,,,,
2/6/2026,40,7,white circular box,1,the gorp,231,function,function,2,,,,,Yes,,,,,
2/2/2026,41,1,white circular box,1,the gorp,231,function,shape,1,,,,,,,,,,
2/2/2026,41,2,the clay plate,2,the fep,312,function,distractor,3,,,,,,,,,,
2/2/2026,41,3,present wrapped dog toy,5,the blicket,123,function,shape,1,,,,,,,,,,
2/2/2026,41,4,"green ""s""",4,the blint ,231,function,shape,1,,,,,,,,,,
2/2/2026,41,5,orange box,3,the wap,312,function,shape,1,,,,,,,,,,
2/2/2026,41,6,scissors w/bubbles,6,the zimbo,123,function,shape,1,,,,,,,,,,
2/2/2026,41,7,brown clay heart,7,the dax,231,function,shape,1,,,,,,,,,,
2/3/2026,42,1,the clay plate,2,the gorp,312,function,function,2,,,shape,1,,,,,,
2/3/2026,42,2,present wrapped dog toy,5,the fep,123,function,shape,1,,,,,,,,,,
2/3/2026,42,3,"green ""s""",4,the blicket,231,function,shape,1,,,,,,,,,,
2/3/2026,42,4,orange box,3,the blint ,312,function,shape,1,,,function,2,,,,,,
2/3/2026,42,5,scissors w/bubbles,6,the wap,123,function,function,2,shape,1,,,,,,,,
2/3/2026,42,6,brown clay heart,7,the zimbo,231,function,function,1,,,,,,,,,,
2/3/2026,42,7,white circular box,1,the dax,231,function,shape,1,function,2,,,,,,,,
2/3/2026,43,1,present wrapped dog toy,5,the gorp,312,function,shape,1,,,,,,,,,,
2/3/2026,43,2,"green ""s""",4,the fep,123,function,function,2,shape,1,distractor,3,,,,,,
2/3/2026,43,3,orange box,3,the blicket,231,function,shape,1,function,2,distractor,3,,,,,,
2/3/2026,43,4,scissors w/bubbles,6,the blint ,312,function,function,2,,,,,,,,,,
2/3/2026,43,5,brown clay heart,7,the wap,123,function,function,2,,,,,,,,,,
2/3/2026,43,6,white circular box,1,the zimbo,123,function,function,2,,,,,,,,,,
2/3/2026,43,7,the clay plate,2,the dax,231,function,shape,1,function,2,,,,,,,,
2/3/2026,44,1,"green ""s""",4,the gorp,123,function,shape,1,,,,,,,,,,
2/3/2026,44,2,orange box,3,the fep,231,function,function,2,,,,,,,,,,
2/3/2026,44,3,scissors w/bubbles,6,the blicket,312,function,function,2,,,,,,,,,,
2/3/2026,44,4,brown clay heart,7,the blint ,123,function,function,2,,,,,,,,,,
2/3/2026,44,5,white circular box,1,the wap,123,function,function,2,,,,,,,,,,
2/3/2026,44,6,the clay plate,2,the zimbo,231,function,shape,1,,,,,,,,,,
2/3/2026,44,7,present wrapped dog toy,5,the dax,321,function,shape,1,,,,,,,,,,
2/4/2026,45,1,orange box,3,the gorp,231,function,function,2,distractor,3,shape,1,,,,,,
2/4/2026,45,2,scissors w/bubbles,6,the fep,312,function,shape,1,,,function,2,,,,,,
2/4/2026,45,3,brown clay heart,7,the blicket,213,function,function,2,shape,1,,,,,,,,
2/4/2026,45,4,white circular box,1,the blint ,123,function,function,2,,,,,,,,,,
2/4/2026,45,5,the clay plate,2,the wap,231,function,shape,1,function,2,,,,,,,,
2/4/2026,45,6,present wrapped dog toy,5,the zimbo,312,function,shape,1,distractor,3,function,2,Yes,,,,,
2/4/2026,45,7,"green ""s""",4,the dax,123,function,function,2,shape,1,,,,,,,,
2/4/2026,46,1,orange box,3,the gorp,231,function,shape,1,function,2,,,,,,,,
2/4/2026,46,2,scissors w/bubbles,6,the fep,312,function,function,2,,,shape,1,,,,,,
2/4/2026,46,3,brown clay heart,7,the blint ,213,function,function,2,,,,,,,,,,
2/4/2026,46,4,white circular box,1,the blicket,123,function,function,2,shape,1,,,,,,,,
2/4/2026,46,5,the clay plate,2,the wap,231,function,shape,1,function,2,,,,,,,,
2/4/2026,46,6,present wrapped dog toy,5,the zimbo,312,function,shape,1,,,,,,,,,,
2/4/2026,46,7,"green ""s""",4,the dax,123,function,shape,1,function,2,,,,,,,,
2/4/2026,47,1,orange box,3,the gorp,231,function,function,2,,,shape,1,,,,,,
2/4/2026,47,2,scissors w/bubbles,6,the fep,312,function,function,2,,,,,,,,,,
2/4/2026,47,3,brown clay heart,7,the blicket,123,function,function,2,,,,,,,,,,
2/4/2026,47,4,white circular box,1,the blint ,123,function,function,2,,,,,,,,,,
2/4/2026,47,5,the clay plate,2,the wap,231,function,shape,1,,,,,,,,,,
2/4/2026,47,6,present wrapped dog toy,5,the zimbo,312,function,shape,1,,,,,,,,,,
2/4/2026,47,7,"green ""s""",4,the dax,123,function,function,2,shape,1,,,,,,,,
2/5/2026,48,1,scissors w/bubbles,6,the gorp,312,function,shape,1,,,function,2,,,,,,
2/5/2026,48,2,brown clay heart,7,the fep,123,function,shape,1,function,2,,,,,,,,
2/5/2026,48,3,white circular box,1,the blicket,123,function,shape,1,function,2,,,,,,,,
2/5/2026,48,4,the clay plate,2,the blint ,231,function,function,2,,,shape,1,,,,,,
2/5/2026,48,5,present wrapped dog toy,5,the wap,312,function,shape,1,,,function,2,,,,,,
2/5/2026,48,6,"green ""s""",4,the zimbo,123,function,function,2,shape,1,,,,,,,,
2/5/2026,48,7,orange box,3,the dax,231,function,shape,1,function,2,,,,,,,,
2/9/2026,49,1,brown clay heart,7,the gorp,123,function,function,2,,,,,Yes,,,,,
2/9/2026,49,2,white circular box,1,the fep,231,function,shape,1,,,,,,,,,,
2/9/2026,49,3,the clay plate,2,the blicket,312,function,function,2,,,,,,,,,,
2/9/2026,49,4,present wrapped dog toy,5,the blint ,123,function,shape,1,,,,,,,,,,
2/9/2026,49,,,,,,function,,,,,,,,,,,,
2/9/2026,49,,,,,,function,,,,,,,,,,,,
2/9/2026,49,,,,,,function,,,,,,,,,,,,
2/11/2026,50,1,the clay plate,2,the fep,231,function,function,2,,,,,,,,,,
2/11/2026,50,2,present wrapped dog toy,5,the blicket,312,function,shape,1,,,,,,,,,,
2/11/2026,50,3,"green ""s""",4,the blint ,123,function,shape,1,,,,,,,,,,
2/11/2026,50,4,orange box,3,the wap,231,function,shape,1,function,2,,,,,,,,
2/11/2026,50,5,scissors w/bubbles,6,the zimbo,312,function,shape,1,function,2,,,,,,,,
2/11/2026,50,6,brown clay heart,7,the dax,123,function,function,2,,,,,,,,,,
2/11/2026,50,7,white circular box,1,the gorp,123,function,shape,1,function,2,,,,,,,,
2/12/2026,51,1,"green ""s""",4,the blicket,123,function,shape,1,,,,,,,,,,
2/12/2026,51,2,orange box,3,the blint ,231,function,shape,1,function,2,,,,,,,,
2/12/2026,51,3,scissors w/bubbles,6,the wap,123,function,shape,1,,,,,,,,,,
2/12/2026,51,4,brown clay heart,7,the zimbo,312,function,shape,1,,,,,,,,,,
2/12/2026,51,5,white circular box,1,the dax,312,function,shape,1,,,,,,,,,,
2/12/2026,51,6,the clay plate,2,the gorp,123,function,shape,1,,,,,,,,,,
2/12/2026,51,7,present wrapped dog toy,5,the fep,231,function,shape,1,,,,,,,,,,
2/12/2026,52,1,scissors w/bubbles,6,the blint ,123,function,function,2,shape,1,distractor,3,,yes,,,,
2/12/2026,52,2,brown clay heart,7,the wap,312,function,shape,1,distractor,3,function,2,,yes,,,,
2/12/2026,52,3,white circular box,1,the zimbo,312,function,shape,1,distractor,3,function,2,,yes,,,,
2/12/2026,52,4,the clay plate,2,the dax,123,function,distractor,3,shape,1,,,,yes,,,,
2/12/2026,52,5,present wrapped dog toy,5,the gorp,231,function,shape,1,function,2,distractor,3,,yes,,,,
2/12/2026,52,6,"green ""s""",4,the fep,123,function,shape,1,function,2,distractor,3,,yes,,,,
2/12/2026,52,7,orange box,3,the blicket,231,function,distractor,3,function,2,shape,1,,yes,,,,
2/12/2026,53,1,white circular box,1,the wap,312,function,shape,1,function,2,,,,,,,,
2/12/2026,53,2,the clay plate,2,the zimbo,123,function,shape,1,function,2,,,,,,,,
2/12/2026,53,3,present wrapped dog toy,5,the dax,231,function,shape,1,,,,,,,,,,
2/12/2026,53,4,"green ""s""",4,the gorp,123,function,shape,1,function,2,,,,,,,,
2/12/2026,53,5,orange box,3,the fep,231,function,shape,1,function,2,distractor,3,,,,,,
2/12/2026,53,6,scissors w/bubbles,6,the blicket,123,function,shape,1,function,2,,,,,,,,
2/12/2026,53,7,brown clay heart,7,the blint ,312,function,shape,1,distractor,3,function,2,,,,,,
2/13/2026,54,1,present wrapped dog toy,5,the zimbo,231,function,shape,1,,,,,Yes,,,,,
2/13/2026,54,2,"green ""s""",4,the dax,123,function,shape,1,,,,,,,,,,
2/13/2026,54,3,orange box,3,the gorp,231,function,function,2,,,shape,1,,,,,,
2/13/2026,54,4,scissors w/bubbles,6,the fep,123,function,shape,1,,,,,,,,,,
2/13/2026,54,5,brown clay heart,7,the blicket,312,function,function,2,,,,,,,,,,
2/13/2026,54,6,white circular box,1,the blint ,312,function,shape,1,,,function,2,,,,,,
2/13/2026,54,7,the clay plate,2,the wap,123,function,shape,1,,,,,,,,,,
2/13/2026,55,1,"green ""s""",4,the dax,123,function,shape,1,,,,,,,,,,
2/13/2026,55,2,orange box,3,the gorp,231,function,shape,1,,,,,,,,,,
2/13/2026,55,3,scissors w/bubbles,6,the fep,123,function,function,2,,,,,,,,,,
2/13/2026,55,4,brown clay heart,7,the blicket,312,function,function,2,,,,,,,,,,
2/13/2026,55,5,white circular box,1,the blint ,312,function,function,2,,,,,,,,,,
2/13/2026,55,6,the clay plate,2,the wap,123,function,shape,1,,,,,,,,,,
2/13/2026,55,7,present wrapped dog toy,5,the zimbo,231,function,shape,1,,,,,,,,,,
2/18/2026,56,1,orange box,3,the dax,231,function,shape,1,function,2,,,,,,,,
2/18/2026,56,2,white circular box,1,the blicket,312,function,function,2,,,shape,1,,,,,,
2/18/2026,56,3,the clay plate,2,the blint ,123,function,function,2,,,,,,,,,,
2/18/2026,56,4,present wrapped dog toy,5,the wap,231,function,shape,1,,,,,,,,,,
2/18/2026,56,5,"green ""s""",4,the zimbo,123,function,function,2,shape,1,,,,,,,,
2/18/2026,56,6,scissors w/bubbles,6,the gorp,123,function,function,2,shape,1,,,,,,,,
2/18/2026,56,7,brown clay heart,7,the fep,312,function,shape,1,,,function,2,,,,,,
2/20/2026,57,1,brown clay heart,7,the gorp,312,function,function,2,,,,,Yes,,,,,
2/20/2026,57,2,white circular box,1,the fep,312,function,function,2,,,,,Yes,,,,,
2/20/2026,57,3,the clay plate,2,the blicket,123,function,function,2,,,,,Yes,,,,,
2/20/2026,57,4,present wrapped dog toy,5,the blint ,231,function,shape,1,,,,,Yes,,,,,
2/20/2026,57,5,"green ""s""",4,the wap,123,function,shape,1,,,,,Yes,,,,,
2/20/2026,57,6,orange box,3,the zimbo,231,function,function,2,,,shape,1,Yes,,,,,
2/20/2026,57,7,scissors w/bubbles,6,the dax,123,function,shape,1,function,2,,,Yes,,,,,
2/23/2026,58,1,white circular box,1,the dax,312,function,shape,1,,,,,,,,,,
2/23/2026,58,2,the clay plate,2,the gorp,123,function,shape,1,,,,,,,,,,
2/23/2026,58,3,present wrapped dog toy,5,the fep,231,function,shape,1,,,,,,,,,,
2/23/2026,58,4,"green ""s""",4,the blicket,123,function,shape,1,,,,,,,,,,
2/23/2026,58,5,orange box,3,the blint ,231,function,shape,1,,,,,,,,,,
2/23/2026,58,6,scissors w/bubbles,6,the wap,123,function,function,2,,,,,,,,,,
2/23/2026,58,7,brown clay heart,7,the zimbo,312,function,shape,1,,,,,,,,,,
2/23/2026,59,1,present wrapped dog toy,5,the gorp,231,function,shape,1,,,,,,,,,,
2/23/2026,59,2,"green ""s""",4,the fep,123,function,shape,1,,,,,,,,,,
2/23/2026,59,3,orange box,3,the blicket,231,function,shape,1,function,2,,,,,,,,
2/23/2026,59,4,scissors w/bubbles,6,the blint ,123,function,shape,1,,,,,,,,,,
2/23/2026,59,5,brown clay heart,7,the wap,312,function,shape,1,,,function,2,,,,,,
2/23/2026,59,6,white circular box,1,the zimbo,312,function,shape,1,,,function,2,,,,,,
2/23/2026,59,7,the clay plate,2,the dax,123,function,shape,1,,,,,,,,,,
2/24/2026,60,,orange box,3,the fep,312,function,shape,1,distractor,3,function,2,No,yes,,,,
2/24/2026,60,,scissors w/bubbles,6,the blicket,123,function,function,2,shape,1,distractor,3,No,yes,,,,
2/24/2026,60,,brown clay heart,7,the blint ,231,function,function,2,distractor,3,shape,1,No,yes,,,,
2/24/2026,60,,white circular box,1,the wap,231,function,distractor,3,function,2,shape,1,No,yes,,,,
2/24/2026,60,,the clay plate,2,the zimbo,312,function,shape,1,distractor,3,function,2,No,yes,,,,
2/24/2026,60,,present wrapped dog toy,5,the dax,123,function,distractor,3,shape,1,function,2,No,yes,,,,
2/24/2026,60,,"green ""s""",4,the gorp,231,function,function,2,distractor,3,shape,1,No,yes,,,,
2/24/2026,61,,brown clay heart,7,the blicket,231,function,function,2,,,,,No,,,,,
2/24/2026,61,,white circular box,1,the blint ,231,function,shape,1,,,,,No,,,,,
2/24/2026,61,,the clay plate,2,the wap,312,function,function,2,,,,,No,,,,,
2/24/2026,61,,present wrapped dog toy,5,the zimbo,123,function,shape,1,,,,,No,,,,,
2/24/2026,61,,"green ""s""",4,the dax,231,function,shape,1,,,,,No,,,,,
2/24/2026,61,,orange box,3,the gorp,312,function,shape,1,,,,,No,,,,,
2/24/2026,61,,scissors w/bubbles,6,the fep,123,function,shape,1,,,,,No,,,,,
2/25/2026,62,,the clay plate,2,the blint ,312,function,function,2,,,,,No,,,,,
2/25/2026,62,,present wrapped dog toy,5,the wap,123,function,shape,1,,,,,Yes,,,,,
2/25/2026,62,,"green ""s""",4,the zimbo,231,function,shape,1,,,,,Yes,,,,,
2/25/2026,62,,orange box,3,the dax,312,function,function,2,,,shape,1,No,,,,,
2/25/2026,62,,scissors w/bubbles,6,the gorp,123,function,function,2,shape,1,,,Yes,,,,,
2/25/2026,62,,brown clay heart,7,the fep,231,function,function,2,,,,,Yes,,,,,
2/25/2026,62,,white circular box,1,the blicket,231,function,function,2,,,,,Yes,,,,,
3/2/2026,63,,"green ""s""",4,the wap,231,function,shape,1,,,,,,yes,doesnt get the paper right away (warm up),,,
3/2/2026,63,,orange box,3,the zimbo,312,function,shape,1,,,function,2,,yes,,,,
3/2/2026,63,,scissors w/bubbles,6,the dax,123,function,function,2,,,,,Yes,yes,,,,
3/2/2026,63,,brown clay heart,7,the gorp,231,function,function,2,,,,,,yes,,,,
3/2/2026,63,,white circular box,1,the fep,231,function,function,2,,,,,,yes,,,,
3/2/2026,63,,the clay plate,2,the blicket,312,function,function,2,,,,,Yes,yes,,,,
3/2/2026,63,,,,,,function,,,,,,,,yes,,,,
3/2/2026,64,1,present wrapped dog toy,5,the blicket,123,function,shape,1,,,,,,,,,,
3/2/2026,64,2,"green ""s""",4,the blint ,231,function,shape,1,,,,,,,,,,
3/2/2026,64,3,orange box,3,the wap,312,function,function,2,,,shape,1,,,,,,
3/2/2026,64,4,scissors w/bubbles,6,the zimbo,123,function,shape,1,,,,,Yes,,,,,
3/2/2026,64,5,brown clay heart,7,the dax,231,function,function,2,,,,,,,,,,
3/2/2026,64,6,white circular box,1,the gorp,231,function,shape,1,function,2,,,,,,,,
3/2/2026,64,7,the clay plate,2,the fep,312,function,shape,1,distractor,3,function,2,,,,,,
3/4/2026,65,,"green ""s""",4,the wap,231,function,shape,1,,,,,,,,,,
3/4/2026,65,,orange box,3,the zimbo,312,function,shape,1,,,function,2,,,,,,
3/4/2026,65,,scissors w/bubbles,6,the dax,123,function,shape,1,,,,,Yes,,,,,
3/4/2026,65,,brown clay heart,7,the gorp,231,function,function,2,,,,,Yes,,,,,
3/4/2026,65,,white circular box,1,the fep,231,function,distractor,3,,,,,,,,,,
3/4/2026,65,,the clay plate,2,the blicket,213,function,shape,1,,,,,,,,,,
3/4/2026,65,,present wrapped dog toy,5,the blint ,123,function,shape,1,,,,,Yes,,,,,
3/4/2026,66,,the clay plate,2,the fep,312,function,function,2,,,,,,,,,,
3/4/2026,66,,present wrapped dog toy,5,the blicket,123,function,shape,1,,,,,,,,,,
3/4/2026,66,,"green ""s""",4,the blint ,231,function,shape,1,,,,,,,,,,
3/4/2026,66,,orange box,3,the wap,312,function,shape,1,,,,,,,,,,
3/4/2026,66,,scissors w/bubbles,6,the zimbo,123,function,shape,1,,,,,,,,,,
3/4/2026,66,,brown clay heart,7,the dax,231,function,function,2,,,,,,,,,,
3/4/2026,66,,white circular box,1,the gorp,231,function,shape,1,,,,,,,,,,
3/6/2026,67,1,orange box,3,the blint ,312,function,shape,1,,,,,Yes,,,,,
3/6/2026,67,2,scissors w/bubbles,6,the wap,213,function,shape,1,function,2,,,,,,,,
3/6/2026,67,3,brown clay heart,7,the zimbo,231,function,function,2,,,,,Yes,,,,,
3/6/2026,67,4,white circular box,1,the dax,231,function,function,2,,,,,Yes,,,,,
3/6/2026,67,5,the clay plate,2,the gorp,312,function,function,2,,,,,Yes,,,,,
3/6/2026,67,6,present wrapped dog toy,5,the fep,123,function,shape,1,,,,,,confused? - coder1,,,,
3/6/2026,67,7,"green ""s""",4,the blicket,123,function,shape,1,function,2,,,Yes,,,,,
3/9/2026,68,1,brown clay heart,7,the wap,231,function,function,2,,,,,Yes,,,,,
3/9/2026,68,2,white circular box,1,the zimbo,231,function,function,2,,,,,Yes,,,,,
3/9/2026,68,3,the clay plate,2,the dax,312,function,shape,1,,,,,Yes,,,,,
3/9/2026,68,4,present wrapped dog toy,5,the gorp,123,function,shape,1,,,,,Yes,,,,,
3/9/2026,68,5,"green ""s""",4,the fep,231,function,shape,1,,,,,Yes,,,,,
3/9/2026,68,6,orange box,3,the blicket,312,function,function,2,,,,,Yes,,,,,
3/9/2026,68,7,scissors w/bubbles,6,the blint ,123,function,function,2,,,,,Yes,,,,,
3/19/2026,69,,the clay plate,2,the zimbo,312,function,distractor,3,function,2,,,,,,,,
3/19/2026,69,,present wrapped dog toy,5,the dax,123,function,shape,1,,,,,Yes,,,,,
3/19/2026,69,,"green ""s""",4,the gorp,231,function,shape,1,,,,,Yes,,,,,
3/19/2026,69,,orange box,3,the fep,312,function,shape,1,function,2,,,,,,,,
3/19/2026,69,,scissors w/bubbles,6,the blicket,123,function,shape,1,function,2,,,Yes,,,,,
3/19/2026,69,,brown clay heart,7,the blint ,231,function,function,2,,,,,,,,,,
3/19/2026,69,,white circular box,1,the wap,231,function,shape,1,function,2,,,Yes,,,,,
