date,kidid,trial,standard,standard_number,standardlabel,order,condition,dimension,response,exclude?,confused?,more than one,term,forcedchoice,confused,confused?- coder2,more than one-coder2,confused? - coder1,age_mo_centered,shape_response
2/4/2025,35,1,white circular box,1,the dax,123,No Function,2,material,NA,no,no,winter25,NA,NA,NA,NA,NA,-18.006060606060615,0
2/4/2025,35,2,the clay plate,2,the fep,312,No Function,2,material,NA,no,no,winter25,NA,NA,NA,NA,NA,-18.006060606060615,0
2/4/2025,35,3,"green ""s""",4,the gorp,231,No Function,3,distractor,NA,no,no,winter25,NA,NA,NA,NA,NA,-18.006060606060615,0
2/4/2025,35,4,scissors w/bubbles,5,the wap,123,No Function,1,shape,NA,no,no,winter25,NA,NA,NA,NA,NA,-18.006060606060615,1
2/4/2025,35,5,present wrapped dog toy,6,the blint,312,Function,1,shape,NA,no,no,winter25,NA,NA,NA,NA,NA,-18.006060606060615,1
2/10/2025,36,1,brown clay heart,7,the dax,123,No Function,2,material,NA,no,no,winter25,NA,NA,NA,NA,NA,-1.0060606060606148,0
2/10/2025,36,2,white circular box,1,the fep,231,No Function,2,material,NA,no,no,winter25,NA,NA,NA,NA,NA,-1.0060606060606148,0
2/10/2025,36,3,the clay plate,2,the blicket,312,No Function,2,material,NA,no,no,winter25,NA,NA,NA,NA,NA,-1.0060606060606148,0
2/10/2025,36,4,orange box,3,the gorp,123,Function,1,shape,NA,no,no,winter25,NA,NA,NA,NA,NA,-1.0060606060606148,1
2/10/2025,36,5,"green ""s""",4,the blint,231,Function,2,function,NA,no,no,winter25,NA,NA,NA,NA,NA,-1.0060606060606148,0
2/10/2025,36,6,present wrapped dog toy,5,the wap,312,Function,1,shape,NA,no,no,winter25,NA,NA,NA,NA,NA,-1.0060606060606148,1
2/10/2025,36,7,scissors w/bubbles,6,the zimbo,123,Function,1,shape,NA,no,no,winter25,NA,NA,NA,NA,NA,-1.0060606060606148,1
2/19/2025,37,1,scissors w/bubbles,6,the dax,123,Function,2,function,NA,no,no,winter25,NA,NA,NA,NA,NA,5.993939393939385,0
2/19/2025,37,2,brown clay heart,7,the fep,231,Function,1,shape,NA,no,no,winter25,NA,NA,NA,NA,NA,5.993939393939385,1
2/19/2025,37,3,white circular box,1,the blicket,312,Function,2,function,NA,no,no,winter25,NA,NA,NA,NA,NA,5.993939393939385,0
2/19/2025,37,4,the clay plate,2,the gorp,123,No Function,1,shape,NA,yes,no,winter25,NA,NA,NA,NA,NA,5.993939393939385,1
2/19/2025,37,5,orange box,3,the blint,231,No Function,1,shape,NA,no,no,winter25,NA,NA,NA,NA,NA,5.993939393939385,1
2/19/2025,37,6,"green ""s""",4,the wap,312,No Function,2,material,NA,no,no,winter25,NA,NA,NA,NA,NA,5.993939393939385,0
2/19/2025,37,7,present wrapped dog toy,5,the zimbo,123,No Function,1,shape,NA,yes,no,winter25,NA,NA,NA,NA,NA,5.993939393939385,1
2/19/2025,38,1,present wrapped dog toy,5,the dax,123,No Function,1,shape,NA,no,no,winter25,NA,NA,NA,NA,NA,-1.0060606060606148,1
2/19/2025,38,2,scissors w/bubbles,6,the fep,231,No Function,2,material,NA,no,no,winter25,NA,NA,NA,NA,NA,-1.0060606060606148,0
2/19/2025,38,3,brown clay heart,7,the blicket,312,No Function,2,material,NA,no,no,winter25,NA,NA,NA,NA,NA,-1.0060606060606148,0
2/19/2025,38,4,white circular box,1,the gorp,123,Function,1,shape,NA,no,no,winter25,NA,NA,NA,NA,NA,-1.0060606060606148,1
2/19/2025,38,5,the clay plate,2,the blint,231,Function,3,distractor,NA,no,no,winter25,NA,NA,NA,NA,NA,-1.0060606060606148,0
2/19/2025,38,6,orange box,3,the wap,312,Function,1,shape,NA,no,no,winter25,NA,NA,NA,NA,NA,-1.0060606060606148,1
2/19/2025,38,7,"green ""s""",4,the zimbo,123,Function,1,shape,NA,no,no,winter25,NA,NA,NA,NA,NA,-1.0060606060606148,1
2/24/2025,39,1,"green ""s""",4,the dax,123,Function,2,function,NA,no,no,winter25,NA,NA,NA,NA,NA,-2.0060606060606148,0
2/24/2025,39,2,present wrapped dog toy,5,the fep,231,Function,1,shape,NA,no,no,winter25,NA,NA,NA,NA,NA,-2.0060606060606148,1
2/24/2025,39,3,scissors w/bubbles,6,the blicket,312,Function,2,function,NA,no,yes,winter25,NA,NA,NA,NA,NA,-2.0060606060606148,0
2/24/2025,39,4,brown clay heart,7,the gorp,123,No Function,2,material,NA,no,no,winter25,NA,NA,NA,NA,NA,-2.0060606060606148,0
2/24/2025,39,5,white circular box,1,the blint,231,No Function,1,shape,NA,yes,no,winter25,NA,NA,NA,NA,NA,-2.0060606060606148,1
2/24/2025,39,6,the clay plate,2,the wap,312,No Function,1,shape,NA,no,no,winter25,NA,NA,NA,NA,NA,-2.0060606060606148,1
2/24/2025,39,7,orange box,3,the zimbo,123,No Function,2,material,NA,no,no,winter25,NA,NA,NA,NA,NA,-2.0060606060606148,0
2/25/2025,40,1,"green ""s""",4,the dax,123,Function,3,distractor,not sure about the inclusion of this trial,no,yes,winter25,NA,NA,NA,NA,NA,4.993939393939385,0
2/25/2025,40,2,present wrapped dog toy,5,the fep,231,Function,1,shape,NA,no,no,winter25,NA,NA,NA,NA,NA,4.993939393939385,1
2/25/2025,40,3,scissors w/bubbles,6,the blicket,312,Function,2,function,NA,no,no,winter25,NA,NA,NA,NA,NA,4.993939393939385,0
2/25/2025,40,4,brown clay heart,7,the gorp,123,No Function,1,shape,NA,no,no,winter25,NA,NA,NA,NA,NA,4.993939393939385,1
2/25/2025,40,5,white circular box,1,the blint,231,No Function,1,shape,NA,no,no,winter25,NA,NA,NA,NA,NA,4.993939393939385,1
2/25/2025,40,6,the clay plate,2,the wap,312,No Function,1,shape,NA,yes,yes,winter25,NA,NA,NA,NA,NA,4.993939393939385,1
2/25/2025,40,7,orange box,3,the zimbo,123,No Function,3,distractor,NA,no,no,winter25,NA,NA,NA,NA,NA,4.993939393939385,0
2/26/2025,41,1,orange box,3,the dax,123,No Function,1,shape,NA,no,no,winter25,NA,NA,NA,NA,NA,0.9939393939393852,1
2/26/2025,41,2,"green ""s""",4,the fep,231,No Function,1,shape,NA,no,no,winter25,NA,NA,NA,NA,NA,0.9939393939393852,1
2/26/2025,41,3,present wrapped dog toy,5,the blicket,312,No Function,1,shape,NA,no,no,winter25,NA,NA,NA,NA,NA,0.9939393939393852,1
2/26/2025,41,4,scissors w/bubbles,6,the gorp,123,Function,1,shape,NA,no,no,winter25,NA,NA,NA,NA,NA,0.9939393939393852,1
2/26/2025,41,5,brown clay heart,7,the blint,231,Function,2,function,NA,no,no,winter25,NA,NA,NA,NA,NA,0.9939393939393852,0
2/26/2025,41,6,white circular box,1,the wap,312,Function,1,shape,NA,no,no,winter25,NA,NA,NA,NA,NA,0.9939393939393852,1
2/26/2025,41,7,the clay plate,2,the zimbo,123,Function,1,shape,NA,no,no,winter25,NA,NA,NA,NA,NA,0.9939393939393852,1
2/25/2025,43,1,orange box,3,the dax,123,No Function,2,material,NA,no,no,winter25,NA,NA,NA,NA,NA,-14.006060606060617,0
2/25/2025,43,2,"green ""s""",4,the fep,231,No Function,2,material,NA,no,no,winter25,NA,NA,NA,NA,NA,-14.006060606060617,0
2/25/2025,43,3,present wrapped dog toy,5,the blicket,312,No Function,1,shape,NA,no,no,winter25,NA,NA,NA,NA,NA,-14.006060606060617,1
2/25/2025,43,4,scissors w/bubbles,6,the gorp,123,Function,1,shape,NA,no,no,winter25,NA,NA,NA,NA,NA,-14.006060606060617,1
2/25/2025,43,5,brown clay heart,7,the blint,231,Function,2,function,NA,no,no,winter25,NA,NA,NA,NA,NA,-14.006060606060617,0
2/25/2025,43,6,white circular box,1,the wap,312,Function,1,shape,NA,no,no,winter25,NA,NA,NA,NA,NA,-14.006060606060617,1
2/25/2025,43,7,the clay plate,2,the zimbo,123,Function,2,function,NA,no,no,winter25,NA,NA,NA,NA,NA,-14.006060606060617,0
2/25/2025,44,1,"green ""s""",4,the dax,123,Function,2,function,NA,no,no,winter25,NA,NA,NA,NA,NA,-15.006060606060617,0
2/25/2025,44,2,present wrapped dog toy,5,the fep,132,Function,1,shape,NA,no,no,winter25,NA,NA,NA,NA,NA,-15.006060606060617,1
2/25/2025,44,3,scissors w/bubbles,6,the blicket,312,Function,2,function,NA,no,no,winter25,NA,NA,NA,NA,NA,-15.006060606060617,0
2/25/2025,44,4,brown clay heart,7,the gorp,123,No Function,2,material,NA,no,no,winter25,NA,NA,NA,NA,NA,-15.006060606060617,0
2/25/2025,44,5,white circular box,1,the blint,231,No Function,1,shape,NA,no,no,winter25,NA,NA,NA,NA,NA,-15.006060606060617,1
2/25/2025,44,6,the clay plate,2,the wap,312,No Function,1,shape,NA,no,no,winter25,NA,NA,NA,NA,NA,-15.006060606060617,1
2/25/2025,44,7,orange box,3,the zimbo,123,No Function,1,shape,NA,no,no,winter25,NA,NA,NA,NA,NA,-15.006060606060617,1
3/4/2025,45,1,white circular box,1,the dax,123,No Function,3,distractor,NA,no,no,winter25,NA,NA,NA,NA,NA,-12.006060606060617,0
3/4/2025,45,2,the clay plate,2,the fep,231,No Function,2,material,NA,no,no,winter25,NA,NA,NA,NA,NA,-12.006060606060617,0
3/4/2025,45,3,orange box,3,the blicket,312,No Function,1,shape,NA,no,no,winter25,NA,NA,NA,NA,NA,-12.006060606060617,1
3/4/2025,45,4,"green ""s""",4,the gorp,123,Function,3,distractor,NA,no,no,winter25,NA,NA,NA,NA,NA,-12.006060606060617,0
3/4/2025,45,5,present wrapped dog toy,5,the blint,231,Function,1,shape,NA,no,no,winter25,NA,NA,NA,NA,NA,-12.006060606060617,1
3/4/2025,45,6,scissors w/bubbles,6,the wap,312,Function,1,shape,NA,no,no,winter25,NA,NA,NA,NA,NA,-12.006060606060617,1
3/4/2025,45,7,brown clay heart,7,the zimbo,123,Function,2,function,NA,no,no,winter25,NA,NA,NA,NA,NA,-12.006060606060617,0
3/6/2025,46,1,orange box,3,the dax,123,No Function,1,shape,NA,no,no,winter25,NA,NA,NA,NA,NA,-13.006060606060617,1
3/6/2025,46,2,"green ""s""",4,the fep,231,No Function,1,shape,NA,no,no,winter25,NA,NA,NA,NA,NA,-13.006060606060617,1
3/6/2025,46,3,present wrapped dog toy,5,the blicket,312,No Function,1,shape,NA,no,no,winter25,NA,NA,NA,NA,NA,-13.006060606060617,1
3/6/2025,46,4,scissors w/bubbles,6,the gorp,123,Function,3,distractor,NA,no,no,winter25,NA,NA,NA,NA,NA,-13.006060606060617,0
3/6/2025,46,5,brown clay heart,7,the blint,231,Function,2,function,NA,no,no,winter25,NA,NA,NA,NA,NA,-13.006060606060617,0
3/6/2025,46,6,white circular box,1,the wap,312,Function,1,shape,NA,no,no,winter25,NA,NA,NA,NA,NA,-13.006060606060617,1
3/6/2025,46,7,the clay plate,2,the zimbo,123,Function,1,shape,NA,no,no,winter25,NA,NA,NA,NA,NA,-13.006060606060617,1
3/6/2025,47,1,the clay plate,2,the dax,123,Function,2,function,NA,no,no,winter25,NA,NA,NA,NA,NA,-2.0060606060606148,0
3/6/2025,47,2,orange box,3,the fep,231,Function,2,function,NA,no,no,winter25,NA,NA,NA,NA,NA,-2.0060606060606148,0
3/6/2025,47,3,"green ""s""",4,the blicket,312,Function,1,shape,NA,no,no,winter25,NA,NA,NA,NA,NA,-2.0060606060606148,1
3/6/2025,47,4,present wrapped dog toy,5,the gorp,123,No Function,1,shape,NA,no,no,winter25,NA,NA,NA,NA,NA,-2.0060606060606148,1
3/6/2025,47,5,scissors w/bubbles,6,the blint,231,No Function,2,material,NA,no,no,winter25,NA,NA,NA,NA,NA,-2.0060606060606148,0
3/6/2025,47,6,brown clay heart,7,the wap,312,No Function,2,material,NA,no,no,winter25,NA,NA,NA,NA,NA,-2.0060606060606148,0
3/6/2025,47,7,white circular box,1,the zimbo,123,No Function,1,shape,NA,no,no,winter25,NA,NA,NA,NA,NA,-2.0060606060606148,1
3/11/2025,48,1,brown clay heart,7,the dax,123,Function,1,shape,NA,no,no,winter25,NA,NA,NA,NA,NA,1.9939393939393852,1
3/11/2025,48,2,white circular box,1,the fep,231,Function,2,function,NA,no,yes,winter25,NA,NA,NA,NA,NA,1.9939393939393852,0
3/11/2025,48,3,the clay plate,2,the blicket,312,Function,1,shape,NA,no,no,winter25,NA,NA,NA,NA,NA,1.9939393939393852,1
3/11/2025,48,4,orange box,3,the gorp,123,No Function,2,material,NA,no,no,winter25,NA,NA,NA,NA,NA,1.9939393939393852,0
3/11/2025,48,5,"green ""s""",4,the blint,231,No Function,2,material,NA,no,no,winter25,NA,NA,NA,NA,NA,1.9939393939393852,0
3/11/2025,48,6,present wrapped dog toy,5,the wap,312,No Function,1,shape,NA,no,no,winter25,NA,NA,NA,NA,NA,1.9939393939393852,1
3/11/2025,48,7,scissors w/bubbles,6,the zimbo,123,No Function,2,material,NA,no,no,winter25,NA,NA,NA,NA,NA,1.9939393939393852,0
3/11/2025,49,1,scissors w/bubbles,6,the dax,123,No Function,1,shape,NA,no,no,winter25,NA,NA,NA,NA,NA,-5.006060606060615,1
3/11/2025,49,2,brown clay heart,7,the fep,231,No Function,1,shape,yes,no,no,winter25,NA,NA,NA,NA,NA,-5.006060606060615,1
3/11/2025,49,3,white circular box,1,the blicket,312,No Function,1,shape,NA,no,no,winter25,NA,NA,NA,NA,NA,-5.006060606060615,1
3/11/2025,49,4,the clay plate,2,the gorp,123,Function,1,shape,NA,no,no,winter25,NA,NA,NA,NA,NA,-5.006060606060615,1
3/11/2025,49,5,orange box,3,the blint,231,Function,1,shape,NA,no,no,winter25,NA,NA,NA,NA,NA,-5.006060606060615,1
3/11/2025,49,6,"green ""s""",4,the wap,312,Function,1,shape,NA,no,no,winter25,NA,NA,NA,NA,NA,-5.006060606060615,1
3/11/2025,49,7,present wrapped dog toy,5,the zimbo,123,Function,3,distractor,NA,no,no,winter25,NA,NA,NA,NA,NA,-5.006060606060615,0
3/11/2025,50,1,brown clay heart,7,the dax,123,Function,2,function,NA,no,no,winter25,NA,NA,NA,NA,NA,-12.006060606060617,0
3/11/2025,50,2,white circular box,1,the fep,231,Function,1,shape,NA,no,no,winter25,NA,NA,NA,NA,NA,-12.006060606060617,1
3/11/2025,50,3,the clay plate,2,the blicket,312,Function,2,function,NA,no,no,winter25,NA,NA,NA,NA,NA,-12.006060606060617,0
3/11/2025,50,4,orange box,3,the gorp,123,No Function,1,shape,NA,no,yes,winter25,NA,NA,NA,NA,NA,-12.006060606060617,1
3/11/2025,50,5,"green ""s""",4,the blint,231,No Function,3,distractor,NA,no,no,winter25,NA,NA,NA,NA,NA,-12.006060606060617,0
3/11/2025,50,6,present wrapped dog toy,5,the wap,312,No Function,1,shape,NA,no,no,winter25,NA,NA,NA,NA,NA,-12.006060606060617,1
3/11/2025,50,7,scissors w/bubbles,6,the zimbo,123,No Function,2,material,NA,no,no,winter25,NA,NA,NA,NA,NA,-12.006060606060617,0
10/16/2024,1,1,NA,1,the dax,123,No Function,1,shape,NA,no,no,fall24,yes,NA,NA,NA,NA,-3.0060606060606148,1
10/16/2024,1,2,NA,2,the fep,213,No Function,1,shape,NA,no,no,fall24,NA,NA,NA,NA,NA,-3.0060606060606148,1
10/16/2024,1,3,NA,3,the blicket,123,No Function,1,shape,NA,no,no,fall24,NA,NA,NA,NA,NA,-3.0060606060606148,1
10/16/2024,1,4,NA,4,the gorp,123,Function,1,shape,NA,no,no,fall24,NA,NA,NA,NA,NA,-3.0060606060606148,1
10/16/2024,1,5,NA,6,the blint,213,Function,1,shape,NA,no,no,fall24,NA,NA,NA,NA,NA,-3.0060606060606148,1
10/16/2024,1,6,NA,5,the wap,321,Function,2,function,NA,no,no,fall24,NA,NA,NA,NA,NA,-3.0060606060606148,0
10/16/2024,1,7,NA,7,the zimbo,123,Function,2,function,NA,no,no,fall24,NA,NA,NA,NA,NA,-3.0060606060606148,0
10/23/2024,2,1,NA,3,the blicket,123,No Function,3,distractor,NA,no,no,fall24,NA,NA,NA,NA,NA,-5.006060606060615,0
10/23/2024,2,2,NA,4,the gorp,312,No Function,1,shape,NA,no,no,fall24,NA,NA,NA,NA,NA,-5.006060606060615,1
10/23/2024,2,3,NA,5,the wap,231,No Function,1,shape,NA,no,no,fall24,NA,NA,NA,NA,NA,-5.006060606060615,1
10/23/2024,2,4,NA,6,the blint,213,Function,1,shape,NA,no,no,fall24,NA,NA,NA,NA,NA,-5.006060606060615,1
10/23/2024,2,5,NA,7,the zimbo,321,Function,2,function,NA,no,no,fall24,NA,NA,NA,NA,NA,-5.006060606060615,0
10/23/2024,2,6,NA,1,the dax,132,Function,1,shape,NA,no,no,fall24,NA,NA,NA,NA,NA,-5.006060606060615,1
10/23/2024,2,7,NA,2,the fep,123,Function,2,function,NA,no,no,fall24,NA,NA,NA,NA,NA,-5.006060606060615,0
10/23/2024,3,1,NA,1,the dax,123,No Function,1,shape,NA,no,no,fall24,NA,NA,NA,NA,NA,7.993939393939385,1
10/23/2024,3,2,NA,2,the fep,312,No Function,3,distractor,NA,no,no,fall24,NA,NA,NA,NA,NA,7.993939393939385,0
10/23/2024,3,3,NA,3,the blicket,231,No Function,2,material,NA,no,no,fall24,NA,NA,NA,NA,NA,7.993939393939385,0
10/23/2024,3,4,NA,4,the gorp,213,Function,1,shape,NA,no,no,fall24,NA,NA,NA,NA,NA,7.993939393939385,1
10/23/2024,3,5,NA,5,the wap,312,Function,1,shape,NA,no,no,fall24,NA,NA,NA,NA,NA,7.993939393939385,1
10/23/2024,3,6,NA,6,the blint,132,Function,1,shape,NA,no,no,fall24,NA,NA,NA,NA,NA,7.993939393939385,1
10/23/2024,3,7,NA,7,the zimbo,213,Function,2,function,NA,no,no,fall24,NA,NA,NA,NA,NA,7.993939393939385,0
10/23/2024,5,1,NA,3,the blicket,123,No Function,1,shape,NA,no,no,fall24,NA,NA,NA,NA,NA,3.9939393939393857,1
10/23/2024,5,2,NA,4,the gorp,312,No Function,3,distractor,NA,yes,yes,fall24,NA,NA,NA,NA,NA,3.9939393939393857,0
10/23/2024,5,3,NA,5,the wap,231,No Function,2,material,NA,no,no,fall24,NA,NA,NA,NA,NA,3.9939393939393857,0
10/23/2024,5,4,NA,6,the blint,123,Function,1,shape,NA,no,no,fall24,NA,NA,NA,NA,NA,3.9939393939393857,1
10/23/2024,5,5,NA,7,the zimbo,312,Function,2,function,NA,no,no,fall24,NA,NA,NA,NA,NA,3.9939393939393857,0
10/23/2024,5,6,NA,1,the dax,231,Function,2,function,NA,no,no,fall24,NA,NA,NA,NA,NA,3.9939393939393857,0
10/23/2024,5,7,NA,2,the fep,123,Function,3,distractor,NA,no,no,fall24,NA,NA,NA,NA,NA,3.9939393939393857,0
10/24/2024,6,1,NA,4,the gorp,123,Function,3,distractor,NA,no,no,fall24,NA,NA,NA,NA,NA,-0.00606060606061475,0
10/24/2024,6,2,NA,5,the wap,312,Function,2,function,NA,no,no,fall24,NA,NA,NA,NA,NA,-0.00606060606061475,0
10/24/2024,6,3,NA,6,the blint,231,Function,1,shape,NA,no,no,fall24,NA,NA,NA,NA,NA,-0.00606060606061475,1
10/24/2024,6,4,NA,7,the zimbo,123,No Function,2,material,NA,no,yes,fall24,NA,NA,NA,NA,NA,-0.00606060606061475,0
10/24/2024,6,5,NA,1,the dax,312,No Function,1,shape,NA,no,no,fall24,NA,NA,NA,NA,NA,-0.00606060606061475,1
10/24/2024,6,6,NA,2,the fep,231,No Function,1,shape,NA,no,no,fall24,NA,NA,NA,NA,NA,-0.00606060606061475,1
10/24/2024,6,7,NA,3,the blicket,123,No Function,1,shape,NA,no,no,fall24,NA,NA,NA,NA,NA,-0.00606060606061475,1
10/24/2024,7,1,NA,4,the gorp,213,Function,3,distractor,NA,no,no,fall24,NA,NA,NA,NA,NA,5.993939393939385,0
10/24/2024,7,2,NA,5,the wap,321,Function,2,function,NA,no,no,fall24,NA,NA,NA,NA,NA,5.993939393939385,0
10/24/2024,7,3,NA,6,the blint,132,Function,1,shape,NA,no,no,fall24,NA,NA,NA,NA,NA,5.993939393939385,1
10/24/2024,7,4,NA,7,the zimbo,213,Function,2,function,NA,no,no,fall24,NA,NA,NA,NA,NA,5.993939393939385,0
10/24/2024,7,5,NA,1,the dax,312,No Function,1,shape,NA,no,no,fall24,NA,NA,NA,NA,NA,5.993939393939385,1
10/24/2024,7,6,NA,2,the fep,231,No Function,1,shape,NA,no,no,fall24,NA,NA,NA,NA,NA,5.993939393939385,1
10/24/2024,7,7,NA,3,the blicket,123,No Function,1,shape,NA,no,no,fall24,NA,NA,NA,NA,NA,5.993939393939385,1
10/24/2024,8,1,NA,5,the wap,312,No Function,2,material,NA,no,no,fall24,NA,NA,NA,NA,NA,-0.00606060606061475,0
10/24/2024,8,2,NA,6,the blint,231,No Function,1,shape,NA,no,no,fall24,NA,NA,NA,NA,NA,-0.00606060606061475,1
10/24/2024,8,3,NA,7,the zimbo,123,No Function,2,material,NA,no,no,fall24,NA,NA,NA,NA,NA,-0.00606060606061475,0
10/24/2024,8,4,NA,1,the dax,321,Function,2,function,NA,no,yes,fall24,NA,NA,NA,NA,NA,-0.00606060606061475,0
10/24/2024,8,5,NA,2,the fep,231,Function,2,function,NA,no,no,fall24,NA,NA,NA,NA,NA,-0.00606060606061475,0
10/24/2024,8,6,NA,3,the blicket,213,Function,1,shape,NA,no,no,fall24,NA,NA,NA,NA,NA,-0.00606060606061475,1
10/24/2024,8,7,NA,4,the gorp,321,Function,1,shape,NA,no,no,fall24,NA,NA,NA,NA,NA,-0.00606060606061475,1
10/23/2024,9,1,NA,1,the dax,123,No Function,1,shape,NA,no,no,fall24,NA,NA,NA,NA,NA,0.9939393939393852,1
10/23/2024,9,2,NA,2,the fep,312,No Function,1,shape,NA,no,no,fall24,NA,NA,NA,NA,NA,0.9939393939393852,1
10/23/2024,9,3,NA,3,the blicket,231,No Function,1,shape,NA,no,no,fall24,NA,NA,NA,NA,NA,0.9939393939393852,1
10/23/2024,9,4,NA,4,the gorp,123,Function,1,shape,NA,no,no,fall24,NA,NA,NA,NA,NA,0.9939393939393852,1
10/23/2024,9,6,NA,6,the blint,231,Function,1,shape,NA,no,no,fall24,NA,NA,NA,NA,NA,0.9939393939393852,1
10/25/2024,10,1,NA,1,the dax,231,No Function,1,shape,NA,no,no,fall24,NA,NA,NA,NA,NA,4.993939393939385,1
10/25/2024,10,2,NA,2,the fep,123,No Function,2,material,NA,no,no,fall24,NA,NA,NA,NA,NA,4.993939393939385,0
10/25/2024,10,3,NA,3,the blicket,312,No Function,2,material,NA,no,no,fall24,NA,NA,NA,NA,NA,4.993939393939385,0
10/25/2024,10,4,NA,4,the gorp,231,Function,1,shape,NA,no,no,fall24,NA,NA,NA,NA,NA,4.993939393939385,1
10/25/2024,10,5,NA,5,the wap,123,Function,3,distractor,NA,no,no,fall24,NA,NA,NA,NA,NA,4.993939393939385,0
10/25/2024,10,6,NA,6,the blint,312,Function,1,shape,NA,no,no,fall24,NA,NA,NA,NA,NA,4.993939393939385,1
10/25/2024,10,7,NA,7,the zimbo,231,Function,1,shape,NA,no,no,fall24,NA,NA,NA,NA,NA,4.993939393939385,1
10/23/2024,11,1,NA,1,the dax,123,No Function,1,shape,NA,no,no,fall24,NA,NA,NA,NA,NA,7.993939393939385,1
10/23/2024,11,2,NA,2,the fep,312,No Function,1,shape,NA,no,no,fall24,NA,NA,NA,NA,NA,7.993939393939385,1
10/23/2024,11,3,NA,3,the blicket,231,No Function,1,shape,NA,no,yes,fall24,NA,NA,NA,NA,NA,7.993939393939385,1
10/23/2024,11,4,NA,4,the gorp,123,No Function,1,shape,NA,no,no,fall24,NA,NA,NA,NA,NA,7.993939393939385,1
10/23/2024,11,5,NA,5,the wap,312,No Function,2,material,NA,no,no,fall24,NA,NA,NA,NA,NA,7.993939393939385,0
10/23/2024,11,6,NA,6,the blint,231,No Function,1,shape,NA,no,no,fall24,NA,NA,NA,NA,NA,7.993939393939385,1
10/23/2024,11,7,NA,7,the zimbo,123,No Function,2,material,NA,no,no,fall24,NA,NA,NA,NA,NA,7.993939393939385,0
10/30/2024,12,1,NA,6,the blint,231,Function,1,shape,NA,no,no,fall24,NA,NA,NA,NA,NA,5.993939393939385,1
10/30/2024,12,2,NA,7,the zimbo,123,Function,2,function,NA,no,no,fall24,NA,NA,NA,NA,NA,5.993939393939385,0
10/30/2024,12,3,NA,1,the dax,312,Function,3,distractor,NA,yes,no,fall24,NA,NA,NA,NA,NA,5.993939393939385,0
10/30/2024,12,4,NA,2,the fep,231,No Function,1,shape,NA,no,no,fall24,NA,NA,NA,NA,NA,5.993939393939385,1
10/30/2024,12,5,NA,3,the blicket,123,No Function,1,shape,NA,no,no,fall24,NA,NA,NA,NA,NA,5.993939393939385,1
10/30/2024,12,6,NA,4,the gorp,312,No Function,1,shape,NA,no,no,fall24,NA,NA,NA,NA,NA,5.993939393939385,1
10/30/2024,12,7,NA,5,the wap,231,No Function,1,shape,NA,no,no,fall24,NA,NA,NA,NA,NA,5.993939393939385,1
10/30/2024,13,1,NA,7,the zimbo,231,No Function,2,material,NA,no,no,fall24,NA,NA,NA,NA,NA,-9.006060606060615,0
10/30/2024,13,2,NA,1,the dax,123,No Function,2,material,NA,no,no,fall24,NA,NA,NA,NA,NA,-9.006060606060615,0
10/30/2024,13,3,NA,2,the fep,312,No Function,1,shape,NA,no,no,fall24,NA,NA,NA,NA,NA,-9.006060606060615,1
10/30/2024,13,4,NA,3,the blicket,231,Function,1,shape,NA,no,no,fall24,NA,NA,NA,NA,NA,-9.006060606060615,1
10/30/2024,13,5,NA,4,the gorp,123,Function,1,shape,NA,no,no,fall24,NA,NA,NA,NA,NA,-9.006060606060615,1
10/30/2024,13,6,NA,5,the wap,312,Function,1,shape,NA,no,no,fall24,NA,NA,NA,NA,NA,-9.006060606060615,1
10/30/2024,13,7,NA,6,the blint,231,Function,1,shape,NA,no,no,fall24,NA,NA,NA,NA,NA,-9.006060606060615,1
10/30/2024,14,1,NA,1,the dax,231,Function,2,function,NA,no,no,fall24,NA,NA,NA,NA,NA,-0.00606060606061475,0
10/30/2024,14,2,NA,2,the fep,123,Function,1,shape,NA,no,no,fall24,NA,NA,NA,NA,NA,-0.00606060606061475,1
10/30/2024,14,3,NA,3,the blicket,312,Function,1,shape,NA,no,no,fall24,NA,NA,NA,NA,NA,-0.00606060606061475,1
10/30/2024,14,4,NA,4,the gorp,231,No Function,2,material,NA,no,no,fall24,NA,NA,NA,NA,NA,-0.00606060606061475,0
10/30/2024,14,5,NA,5,the wap,123,No Function,2,material,NA,no,no,fall24,NA,NA,NA,NA,NA,-0.00606060606061475,0
10/30/2024,14,6,NA,6,the blint,312,No Function,1,shape,NA,no,no,fall24,NA,NA,NA,NA,NA,-0.00606060606061475,1
10/30/2024,14,7,NA,7,the zimbo,231,No Function,2,material,NA,no,no,fall24,NA,NA,NA,NA,NA,-0.00606060606061475,0
10/31/2024,15,1,NA,3,the blicket,132,Function,2,shape,NA,no,no,fall24,NA,NA,NA,NA,NA,-8.006060606060615,1
10/31/2024,15,2,NA,4,the gorp,213,Function,1,function,NA,no,no,fall24,NA,NA,NA,NA,NA,-8.006060606060615,0
10/31/2024,15,3,NA,5,the wap,321,Function,1,function,NA,no,no,fall24,NA,NA,NA,NA,NA,-8.006060606060615,0
10/31/2024,15,4,NA,6,the blint,231,No Function,1,shape,NA,no,no,fall24,NA,NA,NA,NA,NA,-8.006060606060615,1
10/31/2024,15,5,NA,7,the zimbo,123,No Function,2,material,NA,no,no,fall24,NA,NA,NA,NA,NA,-8.006060606060615,0
10/31/2024,15,6,NA,1,the dax,312,No Function,1,shape,NA,no,no,fall24,NA,NA,NA,NA,NA,-8.006060606060615,1
10/31/2024,15,7,NA,2,the fep,231,No Function,1,shape,NA,no,no,fall24,NA,NA,NA,NA,NA,-8.006060606060615,1
10/31/2024,16,1,NA,2,the fep,231,No Function,2,material,NA,no,no,fall24,NA,NA,NA,NA,NA,7.993939393939385,0
10/31/2024,16,2,NA,3,the blicket,123,No Function,2,material,NA,no,no,fall24,NA,NA,NA,NA,NA,7.993939393939385,0
10/31/2024,16,3,NA,4,the gorp,312,No Function,2,material,NA,no,no,fall24,NA,NA,NA,NA,NA,7.993939393939385,0
10/31/2024,16,4,NA,5,the wap,213,Function,1,shape,NA,no,no,fall24,NA,NA,NA,NA,NA,7.993939393939385,1
10/31/2024,16,5,NA,6,the blint,123,Function,1,shape,NA,no,no,fall24,NA,NA,NA,NA,NA,7.993939393939385,1
10/31/2024,16,6,NA,7,the zimbo,312,Function,2,function,NA,no,no,fall24,NA,NA,NA,NA,NA,7.993939393939385,0
10/31/2024,16,7,NA,1,the dax,213,Function,1,shape,NA,yes,no,fall24,NA,NA,NA,NA,NA,7.993939393939385,1
11/1/2024,17,1,NA,1,the dax,312,No Function,1,shape,NA,no,no,fall24,NA,NA,NA,NA,NA,-6.006060606060615,1
11/1/2024,17,2,NA,2,the fep,123,No Function,2,material,NA,no,no,fall24,NA,NA,NA,NA,NA,-6.006060606060615,0
11/1/2024,17,3,NA,3,the blicket,231,No Function,1,shape,NA,no,no,fall24,NA,NA,NA,NA,NA,-6.006060606060615,1
11/1/2024,17,4,NA,4,the gorp,312,Function,1,shape,NA,yes,no,fall24,NA,NA,NA,NA,NA,-6.006060606060615,1
11/1/2024,17,5,NA,5,the wap,123,Function,2,function,NA,no,no,fall24,NA,NA,NA,NA,NA,-6.006060606060615,0
11/1/2024,17,6,NA,6,the blint,231,Function,1,shape,NA,no,no,fall24,NA,NA,NA,NA,NA,-6.006060606060615,1
11/1/2024,17,7,NA,7,the zimbo,312,Function,2,function,NA,no,no,fall24,NA,NA,NA,NA,NA,-6.006060606060615,0
11/1/2024,18,1,NA,2,the fep,312,Function,3,distractor,NA,no,no,fall24,NA,NA,NA,NA,NA,-2.0060606060606148,0
11/1/2024,18,2,NA,3,the blicket,123,Function,1,function,NA,no,no,fall24,NA,NA,NA,NA,NA,-2.0060606060606148,0
11/1/2024,18,3,NA,4,the gorp,231,Function,1,function,NA,no,no,fall24,NA,NA,NA,NA,NA,-2.0060606060606148,0
11/1/2024,18,4,NA,5,the wap,312,No Function,2,material,NA,no,no,fall24,NA,NA,NA,NA,NA,-2.0060606060606148,0
11/1/2024,18,5,NA,6,the blint,123,No Function,1,shape,NA,no,no,fall24,NA,NA,NA,NA,NA,-2.0060606060606148,1
11/1/2024,18,6,NA,7,the zimbo,231,No Function,1,shape,NA,no,no,fall24,NA,NA,NA,NA,NA,-2.0060606060606148,1
11/1/2024,18,7,NA,1,the dax,312,No Function,1,shape,NA,no,no,fall24,NA,NA,NA,NA,NA,-2.0060606060606148,1
11/13/2024,19,1,NA,3,the blicket,312,No Function,1,shape,NA,no,no,fall24,NA,NA,NA,NA,NA,-3.0060606060606148,1
11/13/2024,19,2,NA,4,the gorp,123,No Function,1,shape,NA,no,no,fall24,NA,NA,NA,NA,NA,-3.0060606060606148,1
11/13/2024,19,3,NA,5,the wap,231,No Function,1,shape,NA,no,no,fall24,NA,NA,NA,NA,NA,-3.0060606060606148,1
11/13/2024,19,4,NA,6,the blint,312,Function,3,distractor,NA,no,no,fall24,NA,NA,NA,NA,NA,-3.0060606060606148,0
11/13/2024,19,5,NA,7,the zimbo,123,Function,1,function,NA,no,yes,fall24,NA,NA,NA,NA,NA,-3.0060606060606148,0
11/13/2024,19,6,NA,1,the dax,231,Function,2,shape,NA,no,no,fall24,NA,NA,NA,NA,NA,-3.0060606060606148,1
11/13/2024,19,7,NA,2,the fep,321,Function,2,shape,NA,no,no,fall24,NA,NA,NA,NA,NA,-3.0060606060606148,1
11/13/2024,20,1,NA,4,the gorp,312,Function,3,distractor,NA,no,no,fall24,NA,NA,NA,NA,NA,-0.00606060606061475,0
11/13/2024,20,2,NA,5,the wap,123,Function,1,function,NA,no,no,fall24,NA,NA,NA,NA,NA,-0.00606060606061475,0
11/13/2024,20,3,NA,6,the blint,231,Function,2,shape,NA,no,no,fall24,NA,NA,NA,NA,NA,-0.00606060606061475,1
11/13/2024,20,4,NA,7,the zimbo,312,No Function,2,material,NA,no,no,fall24,NA,NA,NA,NA,NA,-0.00606060606061475,0
11/13/2024,20,5,NA,1,the dax,123,No Function,1,shape,NA,no,no,fall24,NA,NA,NA,NA,NA,-0.00606060606061475,1
11/13/2024,20,6,NA,2,the fep,231,No Function,1,shape,NA,no,no,fall24,NA,NA,NA,NA,NA,-0.00606060606061475,1
11/13/2024,20,7,NA,3,the blicket,312,No Function,1,shape,NA,no,no,fall24,NA,NA,NA,NA,NA,-0.00606060606061475,1
11/13/2024,21,1,NA,5,the wap,312,No Function,2,material,NA,no,no,fall24,NA,NA,NA,NA,NA,-4.006060606060615,0
11/13/2024,21,2,NA,6,the blint,123,No Function,1,shape,NA,no,no,fall24,NA,NA,NA,NA,NA,-4.006060606060615,1
11/13/2024,21,3,NA,7,the zimbo,231,No Function,2,material,NA,no,no,fall24,NA,NA,NA,NA,NA,-4.006060606060615,0
11/13/2024,21,4,NA,1,the dax,312,Function,2,shape,NA,no,no,fall24,NA,NA,NA,NA,NA,-4.006060606060615,1
11/13/2024,21,5,NA,2,the fep,123,Function,2,shape,NA,no,no,fall24,NA,NA,NA,NA,NA,-4.006060606060615,1
11/13/2024,21,6,NA,3,the blicket,231,Function,2,shape,NA,no,no,fall24,NA,NA,NA,NA,NA,-4.006060606060615,1
11/13/2024,21,7,NA,4,the gorp,312,Function,1,function,NA,no,no,fall24,NA,NA,NA,NA,NA,-4.006060606060615,0
11/14/2024,22,1,NA,6,the blint,312,Function,1,shape,NA,no,no,fall24,NA,NA,NA,NA,NA,3.9939393939393857,1
11/14/2024,22,2,NA,7,the zimbo,123,Function,2,function,NA,no,no,fall24,NA,NA,NA,NA,NA,3.9939393939393857,0
11/14/2024,22,3,NA,1,the dax,231,Function,1,shape,NA,yes,no,fall24,NA,NA,NA,NA,NA,3.9939393939393857,1
11/14/2024,22,4,NA,2,the fep,312,No Function,2,material,NA,no,no,fall24,NA,NA,NA,NA,NA,3.9939393939393857,0
11/14/2024,22,5,NA,3,the blicket,123,No Function,2,material,NA,no,no,fall24,NA,NA,NA,NA,NA,3.9939393939393857,0
11/14/2024,22,6,NA,4,the gorp,231,No Function,1,shape,NA,no,no,fall24,NA,NA,NA,NA,NA,3.9939393939393857,1
11/14/2024,22,7,NA,5,the wap,312,No Function,2,material,NA,no,no,fall24,NA,NA,NA,NA,NA,3.9939393939393857,0
11/14/2024,23,1,NA,6,the blint,312,Function,1,shape,NA,no,no,fall24,NA,NA,NA,NA,NA,4.993939393939385,1
11/14/2024,23,2,NA,7,the zimbo,123,Function,2,function,NA,no,no,fall24,NA,NA,NA,NA,NA,4.993939393939385,0
11/14/2024,23,3,NA,1,the dax,231,Function,1,shape,NA,no,no,fall24,NA,NA,NA,NA,NA,4.993939393939385,1
11/14/2024,23,4,NA,2,the fep,312,No Function,2,material,NA,no,no,fall24,NA,NA,NA,NA,NA,4.993939393939385,0
11/14/2024,23,5,NA,3,the blicket,123,No Function,2,material,NA,no,no,fall24,NA,NA,NA,NA,NA,4.993939393939385,0
11/14/2024,23,6,NA,4,the gorp,231,No Function,2,material,NA,no,no,fall24,NA,NA,NA,NA,NA,4.993939393939385,0
11/14/2024,23,7,NA,5,the wap,312,No Function,2,material,NA,no,no,fall24,NA,NA,NA,NA,NA,4.993939393939385,0
11/14/2024,24,1,NA,7,the zimbo,312,No Function,2,material,NA,no,no,fall24,NA,NA,NA,NA,NA,2.9939393939393852,0
11/14/2024,24,2,NA,1,the dax,123,No Function,1,shape,NA,no,no,fall24,NA,NA,NA,NA,NA,2.9939393939393852,1
11/14/2024,24,3,NA,2,the fep,231,No Function,1,shape,NA,no,no,fall24,NA,NA,NA,NA,NA,2.9939393939393852,1
11/14/2024,24,4,NA,3,the blicket,312,Function,1,shape,NA,no,no,fall24,NA,NA,NA,NA,NA,2.9939393939393852,1
11/14/2024,24,5,NA,4,the gorp,123,Function,1,shape,NA,no,no,fall24,NA,NA,NA,NA,NA,2.9939393939393852,1
11/14/2024,24,6,NA,5,the wap,231,Function,1,shape,NA,no,no,fall24,NA,NA,NA,NA,NA,2.9939393939393852,1
11/14/2024,24,7,NA,6,the blint,312,Function,1,shape,NA,no,no,fall24,NA,NA,NA,NA,NA,2.9939393939393852,1
11/14/2024,25,1,NA,1,the dax,321,Function,2,function,NA,no,no,fall24,NA,NA,NA,NA,NA,2.9939393939393852,0
11/14/2024,25,2,NA,2,the fep,123,Function,1,shape,NA,no,no,fall24,NA,NA,NA,NA,NA,2.9939393939393852,1
11/14/2024,25,3,NA,3,the blicket,231,Function,1,shape,NA,no,no,fall24,NA,NA,NA,NA,NA,2.9939393939393852,1
11/14/2024,25,4,NA,4,the gorp,123,No Function,1,shape,NA,no,no,fall24,NA,NA,NA,NA,NA,2.9939393939393852,1
11/14/2024,25,5,NA,5,the wap,231,No Function,1,shape,NA,no,yes,fall24,NA,NA,NA,NA,NA,2.9939393939393852,1
11/14/2024,25,6,NA,6,the blint,312,No Function,1,shape,NA,yes,yes,fall24,NA,NA,NA,NA,NA,2.9939393939393852,1
11/14/2024,25,7,NA,7,the zimbo,123,No Function,3,distractor,NA,yes,no,fall24,NA,NA,NA,NA,NA,2.9939393939393852,0
11/18/2024,26,1,NA,2,the fep,123,No Function,2,material,NA,no,no,fall24,NA,NA,NA,NA,NA,8.993939393939385,0
11/18/2024,26,2,NA,3,the blicket,231,No Function,2,material,NA,no,no,fall24,NA,NA,NA,NA,NA,8.993939393939385,0
11/18/2024,26,3,NA,4,the gorp,312,No Function,1,shape,NA,no,no,fall24,NA,NA,NA,NA,NA,8.993939393939385,1
11/18/2024,26,4,NA,5,the wap,123,Function,2,function,NA,no,no,fall24,NA,NA,NA,NA,NA,8.993939393939385,0
11/18/2024,26,5,NA,6,the blint,231,Function,1,shape,NA,no,no,fall24,NA,NA,NA,NA,NA,8.993939393939385,1
11/18/2024,26,6,NA,7,the zimbo,312,Function,2,function,NA,yes,no,fall24,NA,NA,NA,NA,NA,8.993939393939385,0
11/18/2024,26,7,NA,1,the dax,123,Function,2,function,NA,yes,no,fall24,NA,NA,NA,NA,NA,8.993939393939385,0
11/21/2024,28,1,NA,4,the gorp,123,No Function,1,shape,NA,no,no,fall24,NA,NA,NA,NA,NA,-7.006060606060615,1
11/21/2024,28,2,NA,5,the wap,231,No Function,1,shape,NA,no,no,fall24,NA,NA,NA,NA,NA,-7.006060606060615,1
11/21/2024,28,3,NA,6,the blint,312,No Function,1,shape,NA,no,no,fall24,NA,NA,NA,NA,NA,-7.006060606060615,1
11/21/2024,28,4,NA,7,the zimbo,123,Function,2,function,NA,no,no,fall24,NA,NA,NA,NA,NA,-7.006060606060615,0
11/21/2024,28,5,NA,1,the dax,231,Function,1,shape,NA,no,no,fall24,NA,NA,NA,NA,NA,-7.006060606060615,1
11/21/2024,28,6,NA,2,the fep,312,Function,1,shape,NA,no,no,fall24,NA,NA,NA,NA,NA,-7.006060606060615,1
11/21/2024,28,7,NA,3,the blicket,123,Function,2,function,NA,no,no,fall24,NA,NA,NA,NA,NA,-7.006060606060615,0
11/21/2024,29,1,NA,5,the wap,123,Function,1,shape,NA,no,no,fall24,NA,NA,NA,NA,NA,-2.0060606060606148,1
11/21/2024,29,2,NA,6,the blint,231,Function,1,shape,NA,no,no,fall24,NA,NA,NA,NA,NA,-2.0060606060606148,1
11/21/2024,29,3,NA,7,the zimbo,312,Function,2,function,NA,no,no,fall24,NA,NA,NA,NA,NA,-2.0060606060606148,0
11/21/2024,29,4,NA,1,the dax,123,No Function,1,shape,NA,no,no,fall24,NA,NA,NA,NA,NA,-2.0060606060606148,1
11/21/2024,29,5,NA,2,the fep,231,No Function,1,shape,NA,no,no,fall24,NA,NA,NA,NA,NA,-2.0060606060606148,1
11/21/2024,29,6,NA,3,the blicket,312,No Function,1,shape,NA,no,no,fall24,NA,NA,NA,NA,NA,-2.0060606060606148,1
11/21/2024,29,7,NA,4,the gorp,123,No Function,2,material,NA,no,no,fall24,NA,NA,NA,NA,NA,-2.0060606060606148,0
11/22/2024,30,1,NA,6,the blint,123,No Function,1,shape,NA,no,no,fall24,NA,NA,NA,NA,NA,5.993939393939385,1
11/22/2024,30,2,NA,7,the zimbo,231,No Function,2,material,NA,no,no,fall24,NA,NA,NA,NA,NA,5.993939393939385,0
11/22/2024,30,3,NA,1,the dax,312,No Function,1,shape,NA,no,no,fall24,NA,NA,NA,NA,NA,5.993939393939385,1
11/22/2024,30,4,NA,2,the fep,123,Function,1,shape,NA,no,no,fall24,NA,NA,NA,NA,NA,5.993939393939385,1
11/22/2024,30,5,NA,3,the blicket,231,Function,1,shape,NA,no,no,fall24,NA,NA,NA,NA,NA,5.993939393939385,1
11/22/2024,30,6,NA,4,the gorp,312,Function,1,shape,NA,no,no,fall24,NA,NA,NA,NA,NA,5.993939393939385,1
11/22/2024,30,7,NA,5,the wap,123,Function,2,function,NA,no,no,fall24,NA,NA,NA,NA,NA,5.993939393939385,0
12/4/2024,31,1,NA,1,the dax,123,No Function,2,material,NA,no,no,fall24,NA,NA,NA,NA,NA,-5.006060606060615,0
12/4/2024,31,2,NA,2,the fep,231,No Function,2,material,NA,no,no,fall24,NA,NA,NA,NA,NA,-5.006060606060615,0
12/4/2024,31,3,NA,3,the blicket,312,No Function,3,distractor,NA,no,no,fall24,NA,NA,NA,NA,NA,-5.006060606060615,0
12/4/2024,31,4,NA,4,the gorp,123,Function,2,function,NA,no,no,fall24,NA,NA,NA,NA,NA,-5.006060606060615,0
12/4/2024,31,5,NA,5,the wap,231,Function,2,function,NA,no,no,fall24,NA,NA,NA,NA,NA,-5.006060606060615,0
12/4/2024,31,6,NA,6,the blint,312,Function,1,shape,NA,no,no,fall24,NA,NA,NA,NA,NA,-5.006060606060615,1
12/4/2024,31,7,NA,7,the zimbo,123,Function,3,distractor,NA,yes,yes,fall24,NA,NA,NA,NA,NA,-5.006060606060615,0
12/6/2024,32,1,NA,2,the fep,123,Function,1,shape,NA,no,no,fall24,NA,NA,NA,NA,NA,-11.006060606060617,1
12/6/2024,32,2,NA,3,the blicket,231,Function,2,function,NA,no,no,fall24,NA,NA,NA,NA,NA,-11.006060606060617,0
12/6/2024,32,3,NA,4,the gorp,312,Function,1,shape,NA,no,no,fall24,NA,NA,NA,NA,NA,-11.006060606060617,1
12/6/2024,32,4,NA,5,the wap,123,No Function,3,distractor,NA,no,no,fall24,NA,NA,NA,NA,NA,-11.006060606060617,0
12/6/2024,32,5,NA,6,the blint,231,No Function,1,shape,NA,no,no,fall24,NA,NA,NA,NA,NA,-11.006060606060617,1
12/6/2024,32,6,NA,7,the zimbo,312,No Function,2,material,NA,no,no,fall24,NA,NA,NA,NA,NA,-11.006060606060617,0
12/6/2024,32,7,NA,1,the dax,123,No Function,1,shape,NA,no,no,fall24,NA,NA,NA,NA,NA,-11.006060606060617,1
12/11/2024,33,1,NA,1,the dax,231,No Function,2,material,NA,no,no,fall24,NA,NA,NA,NA,NA,-5.006060606060615,0
12/11/2024,33,2,NA,2,the fep,123,No Function,2,material,NA,no,no,fall24,NA,NA,NA,NA,NA,-5.006060606060615,0
12/11/2024,33,3,NA,3,the blicket,312,No Function,3,distractor,NA,no,no,fall24,NA,NA,NA,NA,NA,-5.006060606060615,0
12/11/2024,33,4,NA,4,the gorp,231,Function,2,function,NA,no,no,fall24,NA,NA,NA,NA,NA,-5.006060606060615,0
12/11/2024,33,5,NA,5,the wap,123,Function,2,function,NA,no,no,fall24,NA,NA,NA,NA,NA,-5.006060606060615,0
12/11/2024,33,6,NA,6,the blint,312,Function,1,shape,NA,no,no,fall24,NA,NA,NA,NA,NA,-5.006060606060615,1
12/11/2024,33,7,NA,7,the zimbo,231,Function,3,distractor,NA,yes,yes,fall24,NA,NA,NA,NA,NA,-5.006060606060615,0
4/1/2025,53,1,brown clay heart,7,the dax,123,Function,2,function,NA,no,no,spring25,NA,NA,NA,NA,NA,5.993939393939385,0
4/1/2025,53,2,white circular box,1,the fep,231,Function,1,shape,NA,no,no,spring25,NA,NA,NA,NA,NA,5.993939393939385,1
4/1/2025,53,3,the clay plate,2,the blicket,312,Function,1,shape,NA,no,no,spring25,NA,NA,NA,NA,NA,5.993939393939385,1
4/1/2025,53,4,orange box,3,the gorp,123,No Function,3,distractor,NA,no,yes,spring25,NA,NA,NA,NA,NA,5.993939393939385,0
4/1/2025,53,5,"green ""s""",4,the blint,231,No Function,1,shape,NA,no,yes,spring25,NA,NA,NA,NA,NA,5.993939393939385,1
4/1/2025,53,6,present wrapped dog toy,5,the wap,312,No Function,1,shape,NA,no,no,spring25,NA,NA,NA,NA,NA,5.993939393939385,1
4/1/2025,53,7,scissors w/bubbles,6,the zimbo,123,No Function,2,material,NA,no,no,spring25,NA,NA,NA,NA,NA,5.993939393939385,0
4/3/2025,54,1,scissors w/bubbles,6,the dax,123,No Function,2,material,NA,no,no,spring25,NA,NA,NA,NA,NA,3.9939393939393857,0
4/3/2025,54,2,brown clay heart,7,the fep,231,No Function,2,material,NA,no,no,spring25,NA,NA,NA,NA,NA,3.9939393939393857,0
4/3/2025,54,3,white circular box,1,the blicket,312,No Function,2,material,NA,no,no,spring25,NA,NA,NA,NA,NA,3.9939393939393857,0
4/3/2025,54,4,the clay plate,2,the gorp,123,Function,3,distractor,NA,no,no,spring25,NA,NA,NA,NA,NA,2.9939393939393852,0
4/3/2025,54,5,orange box,3,the wap,231,Function,1,shape,NA,no,no,spring25,NA,NA,NA,NA,NA,2.9939393939393852,1
4/3/2025,54,6,"green ""s""",4,the blint,312,Function,2,function,NA,yes,no,spring25,NA,NA,NA,NA,NA,2.9939393939393852,0
4/3/2025,54,7,present wrapped dog toy,5,the zimbo,123,Function,1,shape,NA,no,no,spring25,NA,NA,NA,NA,NA,2.9939393939393852,1
4/8/2025,55,1,white circular box,1,the dax,123,No Function,2,material,NA,no,no,spring25,NA,NA,NA,NA,NA,16.993939393939385,0
4/8/2025,55,2,the clay plate,2,the fep,231,No Function,2,material,NA,yes,no,spring25,NA,NA,NA,NA,NA,16.993939393939385,0
4/8/2025,55,3,orange box,3,the blicket,312,No Function,1,shape,NA,no,no,spring25,NA,NA,NA,NA,NA,16.993939393939385,1
4/8/2025,55,4,"green ""s""",4,the gorp,123,Function,1,shape,NA,no,no,spring25,NA,NA,NA,NA,NA,16.993939393939385,1
4/8/2025,55,5,present wrapped dog toy,5,the wap,231,Function,1,shape,NA,no,no,spring25,NA,NA,NA,NA,NA,16.993939393939385,1
4/8/2025,55,6,scissors w/bubbles,6,the blint,312,Function,2,function,NA,no,no,spring25,NA,NA,NA,NA,NA,16.993939393939385,0
4/8/2025,55,7,brown clay heart,7,the zimbo,123,Function,2,function,NA,no,no,spring25,NA,NA,NA,NA,NA,16.993939393939385,0
4/15/2025,60,1,present wrapped dog toy,5,the dax,123,No Function,1,shape,NA,no,no,spring25,NA,NA,NA,NA,NA,-17.006060606060615,1
4/15/2025,60,2,scissors w/bubbles,6,the fep,231,No Function,1,shape,NA,no,no,spring25,NA,NA,NA,NA,NA,-17.006060606060615,1
4/15/2025,60,3,brown clay heart,7,the blicket,312,No Function,2,material,NA,no,no,spring25,NA,NA,NA,NA,NA,-17.006060606060615,0
4/15/2025,60,4,white circular box,1,the gorp,123,Function,2,function,NA,no,no,spring25,NA,NA,NA,NA,NA,-17.006060606060615,0
4/15/2025,60,5,the clay plate,2,the wap,231,Function,2,function,NA,no,no,spring25,NA,NA,NA,NA,NA,-17.006060606060615,0
4/15/2025,60,6,orange box,3,the blint,312,Function,1,shape,NA,no,no,spring25,NA,NA,NA,NA,NA,-17.006060606060615,1
4/15/2025,60,7,"green ""s""",4,the zimbo,123,Function,1,shape,NA,no,no,spring25,NA,NA,NA,NA,NA,-17.006060606060615,1
4/1/2025,61,2,white circular box,1,the fep,231,Function,1,shape,NA,no,no,spring25,NA,NA,NA,NA,NA,-12.006060606060617,1
4/1/2025,61,3,the clay plate,2,the blicket,312,Function,3,distractor,NA,no,no,spring25,NA,NA,NA,NA,NA,-12.006060606060617,0
4/1/2025,61,4,orange box,3,the gorp,123,No Function,1,shape,NA,no,no,spring25,NA,NA,NA,NA,NA,-12.006060606060617,1
4/1/2025,61,5,"green ""s""",4,the wap,231,No Function,2,material,NA,no,no,spring25,NA,NA,NA,NA,NA,-12.006060606060617,0
4/1/2025,61,6,present wrapped dog toy,5,the blint,312,No Function,1,shape,NA,no,no,spring25,NA,NA,NA,NA,NA,-12.006060606060617,1
4/1/2025,61,7,scissors w/bubbles,6,the zimbo,123,No Function,2,material,NA,no,no,spring25,NA,NA,NA,NA,NA,-12.006060606060617,0
4/28/2025,63,NA,white circular box,1,the dax,123,No Function,1,shape,NA,no,no,spring25,NA,NA,NA,NA,NA,-8.006060606060615,1
4/28/2025,63,NA,the clay plate,2,the fep,231,No Function,1,shape,NA,no,no,spring25,NA,NA,NA,NA,NA,-8.006060606060615,1
4/28/2025,63,NA,orange box,3,the blicket,312,No Function,1,shape,NA,no,no,spring25,NA,NA,NA,NA,NA,-8.006060606060615,1
4/28/2025,63,NA,"green ""s""",4,the gorp,123,Function,1,shape,NA,no,no,spring25,NA,NA,NA,NA,NA,-8.006060606060615,1
4/28/2025,63,NA,present wrapped dog toy,5,the wap,231,Function,1,shape,NA,no,no,spring25,NA,NA,NA,NA,NA,-8.006060606060615,1
4/28/2025,63,NA,scissors w/bubbles,6,the blint,312,Function,1,shape,NA,no,no,spring25,NA,NA,NA,NA,NA,-8.006060606060615,1
4/28/2025,63,NA,brown clay heart,7,the zimbo,123,Function,1,shape,NA,no,no,spring25,NA,NA,NA,NA,NA,-8.006060606060615,1
5/5/2025,65,NA,present wrapped dog toy,5,the dax,123,No Function,1,shape,NA,no,no,spring25,NA,NA,NA,NA,NA,-14.006060606060617,1
5/5/2025,65,NA,scissors w/bubbles,6,the fep,231,No Function,2,material,NA,no,no,spring25,NA,NA,NA,NA,NA,-14.006060606060617,0
5/5/2025,65,NA,brown clay heart,7,the blicket,312,No Function,2,material,NA,no,no,spring25,NA,NA,NA,NA,NA,-14.006060606060617,0
5/5/2025,65,NA,white circular box,1,the gorp,123,Function,1,shape,NA,no,no,spring25,NA,NA,NA,NA,NA,-14.006060606060617,1
5/5/2025,65,NA,the clay plate,2,the wap,231,Function,1,shape,NA,no,no,spring25,NA,NA,NA,NA,NA,-14.006060606060617,1
5/5/2025,65,NA,orange box,3,the blint,312,Function,1,shape,NA,no,no,spring25,NA,NA,NA,NA,NA,-14.006060606060617,1
5/5/2025,65,NA,"green ""s""",4,the zimbo,123,Function,3,distractor,NA,no,no,spring25,NA,NA,NA,NA,NA,-14.006060606060617,0
4/23/2025,66,NA,scissors w/bubbles,6,the dax,123,Function,2,function,NA,no,no,spring25,NA,NA,NA,NA,NA,2.9939393939393852,0
4/23/2025,66,NA,brown clay heart,7,the fep,231,Function,2,function,NA,no,no,spring25,NA,NA,NA,NA,NA,2.9939393939393852,0
4/23/2025,66,NA,white circular box,1,the blicket,312,Function,2,function,NA,no,yes,spring25,NA,NA,NA,NA,NA,2.9939393939393852,0
4/23/2025,66,NA,the clay plate,2,the gorp,123,No Function,1,shape,NA,no,no,spring25,NA,NA,NA,NA,NA,2.9939393939393852,1
4/23/2025,66,NA,orange box,3,the wap,231,No Function,1,shape,NA,no,no,spring25,NA,NA,NA,NA,NA,2.9939393939393852,1
4/23/2025,66,NA,"green ""s""",4,the blint,312,No Function,1,shape,NA,no,no,spring25,NA,NA,NA,NA,NA,2.9939393939393852,1
4/23/2025,66,NA,present wrapped dog toy,5,the zimbo,123,No Function,1,shape,NA,no,yes,spring25,NA,NA,NA,NA,NA,2.9939393939393852,1
4/15/2025,67,NA,"green ""s""",4,the dax,123,Function,1,shape,NA,no,no,spring25,NA,NA,NA,NA,NA,-0.00606060606061475,1
4/17/2025,68,NA,brown clay heart,7,the dax,123,No Function,1,shape,NA,no,no,spring25,NA,NA,NA,NA,NA,9.993939393939383,1
4/17/2025,68,NA,white circular box,1,the fep,231,No Function,2,material,NA,no,no,spring25,NA,NA,NA,NA,NA,9.993939393939383,0
4/17/2025,68,NA,the clay plate,2,the blicket,312,No Function,3,distractor,NA,no,no,spring25,NA,NA,NA,NA,NA,9.993939393939383,0
4/17/2025,68,NA,orange box,3,the gorp,123,Function,1,shape,NA,no,no,spring25,NA,NA,NA,NA,NA,9.993939393939383,1
4/17/2025,68,NA,"green ""s""",4,the wap,231,Function,1,shape,NA,no,no,spring25,NA,NA,NA,NA,NA,9.993939393939383,1
4/17/2025,68,NA,present wrapped dog toy,5,the blint,312,Function,1,shape,NA,no,no,spring25,NA,NA,NA,NA,NA,9.993939393939383,1
4/17/2025,68,NA,scissors w/bubbles,6,the zimbo,123,Function,1,shape,NA,no,no,spring25,NA,NA,NA,NA,NA,9.993939393939383,1
4/29/2025,69,NA,"green ""s""",4,the dax,123,Function,1,shape,NA,no,no,spring25,NA,NA,NA,NA,NA,15.993939393939383,1
4/29/2025,69,NA,present wrapped dog toy,5,the fep,231,Function,1,shape,NA,no,no,spring25,NA,NA,NA,NA,NA,15.993939393939383,1
4/29/2025,69,NA,scissors w/bubbles,6,the blicket,312,Function,2,function,NA,no,no,spring25,NA,NA,NA,NA,NA,15.993939393939383,0
4/29/2025,69,NA,white circular box,1,the wap,231,No Function,1,shape,NA,no,no,spring25,NA,NA,NA,NA,NA,15.993939393939383,1
4/29/2025,69,NA,the clay plate,2,the blint,312,No Function,1,shape,NA,no,no,spring25,NA,NA,NA,NA,NA,15.993939393939383,1
4/29/2025,69,NA,orange box,3,the zimbo,123,No Function,1,shape,NA,no,no,spring25,NA,NA,NA,NA,NA,15.993939393939383,1
5/2/2025,70,NA,orange box,3,the dax,123,No Function,1,shape,NA,yes,no,spring25,NA,NA,NA,NA,NA,10.993939393939383,1
5/2/2025,70,NA,"green ""s""",4,the fep,231,No Function,1,shape,NA,yes,no,spring25,NA,NA,NA,NA,NA,10.993939393939383,1
5/2/2025,70,NA,present wrapped dog toy,5,the blicket,312,No Function,1,shape,NA,no,no,spring25,NA,NA,NA,NA,NA,10.993939393939383,1
5/2/2025,70,NA,scissors w/bubbles,6,the gorp,123,Function,1,shape,NA,no,no,spring25,NA,NA,NA,NA,NA,10.993939393939383,1
5/2/2025,70,NA,brown clay heart,7,the wap,231,Function,2,function,NA,no,no,spring25,NA,NA,NA,NA,NA,10.993939393939383,0
5/2/2025,70,NA,white circular box,1,the blint,312,Function,1,shape,NA,no,no,spring25,NA,NA,NA,NA,NA,10.993939393939383,1
5/2/2025,70,NA,the clay plate,2,the zimbo,123,Function,2,function,NA,no,no,spring25,NA,NA,NA,NA,NA,10.993939393939383,0
7/9/2025,73,1,white circular box,1,the fep,312,No Function,2,material,no,NA,no,summer25-Bing,NA,no,NA,NA,NA,11.993939393939383,0
7/9/2025,73,2,the clay plate,2,the blicket,123,No Function,2,material,no,NA,no,summer25-Bing,NA,no,NA,NA,NA,11.993939393939383,0
7/9/2025,73,3,orange box,3,the gorp,231,No Function,3,distractor,no,NA,yes,summer25-Bing,NA,no,NA,NA,NA,11.993939393939383,0
7/9/2025,73,4,"green ""s""",4,the wap,312,No Function,2,material,no,NA,no,summer25-Bing,NA,no,NA,NA,NA,11.993939393939383,0
7/9/2025,73,5,present wrapped dog toy,5,the blint,123,Function,1,shape,no,NA,no,summer25-Bing,NA,no,NA,NA,NA,11.993939393939383,1
7/9/2025,73,7,brown clay heart,7,the dax,312,Function,2,function,no,NA,no,summer25-Bing,NA,no,NA,NA,NA,11.993939393939383,0
7/9/2025,74,1,white circular box,1,the dax,312,Function,1,shape,no,NA,no,summer25-Bing,NA,no,NA,NA,NA,15.993939393939383,1
7/9/2025,74,2,the clay plate,2,the fep,123,Function,1,shape,no,NA,no,summer25-Bing,NA,no,NA,NA,NA,15.993939393939383,1
7/9/2025,74,3,orange box,3,the blicket,231,Function,1,shape,no,NA,yes,summer25-Bing,NA,no,NA,NA,NA,15.993939393939383,1
7/9/2025,74,4,"green ""s""",4,the gorp,312,Function,1,shape,no,NA,no,summer25-Bing,NA,yes,NA,NA,NA,15.993939393939383,1
7/9/2025,74,5,present wrapped dog toy,5,the wap,123,No Function,1,shape,no,NA,no,summer25-Bing,NA,no,NA,NA,NA,15.993939393939383,1
7/9/2025,74,6,scissors w/bubbles,6,the blint,231,No Function,2,material,no,NA,no,summer25-Bing,NA,no,NA,NA,NA,15.993939393939383,0
7/9/2025,74,7,brown clay heart,7,the zimbo,312,No Function,2,material,no,NA,no,summer25-Bing,NA,no,NA,NA,NA,15.993939393939383,0
7/11/2025,75,1,white circular box,1,the zimbo,312,No Function,1,shape,no,NA,no,summer25-Bing,NA,no,NA,NA,NA,14.993939393939383,1
7/11/2025,75,2,the clay plate,2,the dax,123,No Function,2,material,no,NA,no,summer25-Bing,NA,no,NA,NA,NA,14.993939393939383,0
7/11/2025,75,3,orange box,3,the fep,231,No Function,1,shape,no,NA,no,summer25-Bing,NA,yes,NA,NA,NA,14.993939393939383,1
7/11/2025,75,4,"green ""s""",4,the blicket,312,No Function,1,shape,no,NA,no,summer25-Bing,NA,no,NA,NA,NA,14.993939393939383,1
7/11/2025,75,5,present wrapped dog toy,5,the gorp,123,Function,1,shape,no,NA,no,summer25-Bing,NA,no,NA,NA,NA,14.993939393939383,1
7/11/2025,75,6,scissors w/bubbles,6,the wap,231,Function,1,shape,no,NA,no,summer25-Bing,NA,no,NA,NA,NA,14.993939393939383,1
7/14/2025,76,NA,white circular box,1,the blint,312,Function,1,shape,no,NA,yes,summer25-Bing,NA,no,NA,NA,NA,19.993939393939385,1
7/14/2025,76,NA,the clay plate,2,the zimbo,123,Function,1,shape,no,NA,no,summer25-Bing,NA,no,NA,NA,NA,19.993939393939385,1
7/14/2025,76,NA,orange box,3,the dax,231,Function,1,shape,no,NA,yes,summer25-Bing,NA,no,NA,NA,NA,19.993939393939385,1
7/14/2025,76,NA,"green ""s""",4,the fep,312,Function,1,shape,no,NA,no,summer25-Bing,NA,yes,NA,NA,NA,19.993939393939385,1
7/14/2025,76,NA,present wrapped dog toy,5,the blicket,123,No Function,1,shape,no,NA,no,summer25-Bing,NA,no,NA,NA,NA,19.993939393939385,1
7/14/2025,76,NA,scissors w/bubbles,6,the gorp,231,No Function,2,material,no,NA,no,summer25-Bing,NA,yes,NA,NA,NA,19.993939393939385,0
7/14/2025,76,NA,brown clay heart,7,the wap,312,No Function,2,material,no,NA,no,summer25-Bing,NA,no,NA,NA,NA,19.993939393939385,0
7/14/2025,77,NA,white circular box,1,the wap,312,No Function,2,material,no,NA,no,summer25-Bing,NA,no,NA,NA,NA,17.993939393939385,0
7/14/2025,77,NA,the clay plate,2,the blint,123,No Function,2,material,no,NA,no,summer25-Bing,NA,no,NA,NA,NA,17.993939393939385,0
7/14/2025,77,NA,orange box,3,the zimbo,231,No Function,1,shape,no,NA,no,summer25-Bing,NA,no,NA,NA,NA,17.993939393939385,1
7/14/2025,77,NA,"green ""s""",4,the dax,312,No Function,2,material,no,NA,no,summer25-Bing,NA,no,NA,NA,NA,17.993939393939385,0
7/14/2025,77,NA,present wrapped dog toy,5,the fep,123,Function,1,shape,no,NA,no,summer25-Bing,NA,no,NA,NA,NA,17.993939393939385,1
7/14/2025,77,NA,scissors w/bubbles,6,the blicket,231,Function,2,function,no,NA,yes,summer25-Bing,NA,no,NA,NA,NA,17.993939393939385,0
7/14/2025,77,NA,brown clay heart,7,the gorp,312,Function,2,function,no,NA,no,summer25-Bing,NA,no,NA,NA,NA,17.993939393939385,0
7/21/2025,78,NA,white circular box,1,the gorp,312,Function,1,shape,no,NA,no,summer25-Bing,NA,no,NA,NA,NA,13.993939393939383,1
7/21/2025,78,NA,the clay plate,2,the wap,123,Function,1,shape,no,NA,no,summer25-Bing,NA,no,NA,NA,NA,13.993939393939383,1
7/21/2025,78,NA,orange box,3,the blint,231,Function,1,shape,no,NA,yes,summer25-Bing,NA,no,NA,NA,NA,13.993939393939383,1
7/21/2025,78,NA,"green ""s""",4,the zimbo,312,Function,1,shape,no,NA,no,summer25-Bing,NA,no,NA,NA,NA,13.993939393939383,1
7/21/2025,78,NA,present wrapped dog toy,5,the dax,123,No Function,1,shape,no,NA,no,summer25-Bing,NA,no,NA,NA,NA,13.993939393939383,1
7/21/2025,78,NA,scissors w/bubbles,6,the fep,231,No Function,2,material,no,NA,no,summer25-Bing,NA,no,NA,NA,NA,13.993939393939383,0
7/21/2025,78,NA,brown clay heart,7,the blicket,312,No Function,2,material,no,NA,no,summer25-Bing,NA,no,NA,NA,NA,13.993939393939383,0
7/21/2025,79,NA,white circular box,1,the blicket,312,No Function,2,material,no,NA,no,summer25-Bing,NA,no,NA,NA,NA,16.993939393939385,0
7/21/2025,79,NA,the clay plate,2,the gorp,123,No Function,2,material,no,NA,no,summer25-Bing,NA,no,NA,NA,NA,16.993939393939385,0
7/21/2025,79,NA,orange box,3,the wap,231,No Function,2,material,no,NA,yes,summer25-Bing,NA,no,NA,NA,NA,16.993939393939385,0
7/21/2025,79,NA,"green ""s""",4,the blint,312,No Function,2,material,no,NA,no,summer25-Bing,NA,no,NA,NA,NA,16.993939393939385,0
7/21/2025,79,NA,present wrapped dog toy,5,the zimbo,123,Function,1,shape,no,NA,no,summer25-Bing,NA,no,NA,NA,NA,16.993939393939385,1
7/21/2025,79,NA,scissors w/bubbles,6,the dax,231,Function,2,function,no,NA,no,summer25-Bing,NA,no,NA,NA,NA,16.993939393939385,0
7/21/2025,79,NA,brown clay heart,7,the fep,312,Function,2,function,no,NA,no,summer25-Bing,NA,no,NA,NA,NA,16.993939393939385,0
7/28/2025,82,NA,white circular box,1,the zimbo,123,Function,2,function,no,NA,no,summer25-Bing,NA,no,NA,NA,NA,14.993939393939383,0
7/28/2025,82,NA,the clay plate,2,the dax,231,Function,1,shape,no,NA,no,summer25-Bing,NA,no,NA,NA,NA,14.993939393939383,1
7/28/2025,82,NA,orange box,3,the fep,312,Function,1,shape,no,NA,yes,summer25-Bing,NA,no,NA,NA,NA,14.993939393939383,1
7/28/2025,82,NA,"green ""s""",4,the blicket,123,Function,2,function,no,NA,no,summer25-Bing,NA,no,NA,NA,NA,14.993939393939383,0
7/28/2025,82,NA,present wrapped dog toy,5,the gorp,231,No Function,1,shape,no,NA,no,summer25-Bing,NA,no,NA,NA,NA,14.993939393939383,1
7/28/2025,82,NA,scissors w/bubbles,6,the wap,312,No Function,1,shape,no,NA,yes,summer25-Bing,NA,no,NA,NA,NA,14.993939393939383,1
7/28/2025,82,NA,brown clay heart,7,the blint,123,No Function,1,shape,no,NA,no,summer25-Bing,NA,no,NA,NA,NA,14.993939393939383,1
7/30/2025,85,1,white circular box,1,the gorp,123,No Function,1,shape,no,NA,no,summer25-JMZ,NA,NA,NA,NA,no,-14.006060606060617,1
7/30/2025,85,2,the clay plate,2,the wap,231,No Function,2,material,no,NA,no,summer25-JMZ,NA,NA,NA,NA,no,-14.006060606060617,0
7/30/2025,85,3,orange box,3,the blint,312,No Function,3,distractor,no,NA,no,summer25-JMZ,NA,NA,NA,NA,no,-14.006060606060617,0
7/30/2025,85,4,"green ""s""",4,the zimbo,123,No Function,1,shape,no,NA,no,summer25-JMZ,NA,NA,NA,NA,no,-14.006060606060617,1
7/30/2025,85,5,present wrapped dog toy,5,the dax,231,Function,1,shape,no,NA,yes,summer25-JMZ,NA,NA,NA,yes,no,-14.006060606060617,1
7/30/2025,85,6,scissors w/bubbles,6,the fep,312,Function,1,shape,no,NA,no,summer25-JMZ,NA,NA,NA,NA,no,-14.006060606060617,1
7/30/2025,85,7,brown clay heart,7,the blicket,123,Function,2,function,no,NA,no,summer25-JMZ,NA,NA,NA,NA,no,-14.006060606060617,0
7/30/2025,86,1,white circular box,1,the blicket,123,Function,1,shape,no,NA,no,summer25-JMZ,NA,NA,NA,NA,doesnt get the paper right away (warm up),-14.006060606060617,1
7/30/2025,86,2,the clay plate,2,the gorp,231,Function,2,function,no,NA,no,summer25-JMZ,NA,NA,NA,NA,no,-14.006060606060617,0
7/30/2025,86,3,orange box,3,the wap,312,Function,2,function,no,NA,no,summer25-JMZ,NA,NA,NA,NA,no,-14.006060606060617,0
7/30/2025,86,4,"green ""s""",4,the blint,123,Function,1,shape,no,NA,no,summer25-JMZ,NA,NA,NA,NA,no,-14.006060606060617,1
7/30/2025,86,5,present wrapped dog toy,5,the zimbo,231,No Function,1,shape,no,NA,no,summer25-JMZ,NA,NA,NA,NA,no,-14.006060606060617,1
7/30/2025,86,6,scissors w/bubbles,6,the dax,312,No Function,1,shape,no,NA,no,summer25-JMZ,NA,NA,NA,NA,no,-14.006060606060617,1
7/30/2025,86,7,brown clay heart,7,the fep,123,No Function,1,shape,no,NA,no,summer25-JMZ,NA,NA,NA,NA,no,-14.006060606060617,1
7/30/2025,89,1,white circular box,1,the fep,123,No Function,2,material,no,NA,no,summer25-JMZ,NA,NA,NA,NA,no,8.993939393939385,0
7/30/2025,89,2,the clay plate,2,the blicket,231,No Function,2,material,no,NA,no,summer25-JMZ,NA,NA,NA,NA,no,8.993939393939385,0
7/30/2025,89,3,orange box,3,the gorp,312,No Function,1,shape,no,NA,no,summer25-JMZ,NA,NA,NA,NA,no,8.993939393939385,1
7/30/2025,89,4,"green ""s""",4,the wap,123,No Function,2,material,no,NA,no,summer25-JMZ,NA,NA,NA,NA,no,8.993939393939385,0
7/30/2025,89,5,present wrapped dog toy,5,the blint,231,Function,1,shape,no,NA,no,summer25-JMZ,NA,NA,NA,NA,no,8.993939393939385,1
7/30/2025,89,6,scissors w/bubbles,6,the zimbo,312,Function,1,shape,no,NA,no,summer25-JMZ,NA,NA,NA,NA,no,8.993939393939385,1
7/30/2025,89,7,brown clay heart,7,the dax,123,Function,2,function,no,NA,no,summer25-JMZ,NA,NA,NA,NA,no,8.993939393939385,0
7/31/2025,93,1,white circular box,1,the wap,312,No Function,1,shape,no,NA,no,summer25-JMZ,NA,NA,NA,NA,no,-24.006060606060615,1
7/31/2025,93,2,the clay plate,2,the blint,123,No Function,3,distractor,no,NA,no,summer25-JMZ,NA,NA,NA,NA,no,-24.006060606060615,0
7/31/2025,93,3,orange box,3,the zimbo,231,No Function,2,material,no,NA,no,summer25-JMZ,NA,NA,NA,NA,no,-24.006060606060615,0
7/31/2025,93,4,"green ""s""",4,the dax,312,No Function,2,material,no,NA,no,summer25-JMZ,NA,NA,NA,NA,no,-24.006060606060615,0
7/31/2025,93,5,present wrapped dog toy,5,the fep,123,Function,1,shape,no,NA,no,summer25-JMZ,NA,NA,NA,NA,no,-24.006060606060615,1
7/31/2025,93,6,scissors w/bubbles,6,the blicket,231,Function,3,distractor,no,NA,no,summer25-JMZ,NA,NA,NA,NA,no,-24.006060606060615,0
7/31/2025,93,7,brown clay heart,7,the gorp,312,Function,2,function,no,NA,no,summer25-JMZ,NA,NA,NA,NA,no,-24.006060606060615,0
7/31/2025,96,1,white circular box,1,the blicket,312,No Function,2,material,no,NA,no,summer25-JMZ,NA,NA,NA,NA,yes,19.993939393939385,0
7/31/2025,96,2,the clay plate,2,the gorp,123,No Function,2,material,no,NA,no,summer25-JMZ,NA,NA,NA,NA,no,19.993939393939385,0
7/31/2025,96,3,orange box,3,the wap,231,No Function,1,shape,no,NA,no,summer25-JMZ,NA,NA,NA,NA,no,19.993939393939385,1
7/31/2025,96,4,"green ""s""",4,the blint,312,No Function,1,shape,no,NA,no,summer25-JMZ,NA,NA,NA,NA,no,19.993939393939385,1
7/31/2025,96,5,present wrapped dog toy,5,the zimbo,123,Function,1,shape,no,NA,no,summer25-JMZ,NA,NA,NA,NA,no,19.993939393939385,1
7/31/2025,96,6,scissors w/bubbles,6,the dax,231,Function,1,shape,no,NA,no,summer25-JMZ,NA,NA,NA,NA,no,19.993939393939385,1
7/31/2025,96,7,brown clay heart,7,the fep,312,Function,2,function,no,NA,yes,summer25-JMZ,NA,NA,NA,NA,no,19.993939393939385,0
8/1/2025,98,1,white circular box,1,the dax,312,No Function,2,material,no,NA,no,summer25-JMZ,NA,NA,NA,NA,no,-30.006060606060615,0
8/1/2025,98,2,the clay plate,2,the fep,123,No Function,2,material,no,NA,no,summer25-JMZ,NA,NA,NA,NA,no,-30.006060606060615,0
8/1/2025,98,3,orange box,3,the blicket,231,No Function,3,distractor,no,NA,no,summer25-JMZ,NA,NA,NA,NA,no,-30.006060606060615,0
8/1/2025,98,4,"green ""s""",4,the gorp,312,No Function,1,shape,no,NA,no,summer25-JMZ,NA,NA,NA,NA,no,-30.006060606060615,1
8/1/2025,98,5,present wrapped dog toy,5,the wap,123,Function,1,shape,no,NA,no,summer25-JMZ,NA,NA,NA,NA,no,-30.006060606060615,1
8/1/2025,98,6,scissors w/bubbles,6,the blint,231,Function,1,shape,no,NA,no,summer25-JMZ,NA,NA,NA,NA,no,-30.006060606060615,1
8/1/2025,98,7,brown clay heart,7,the zimbo,312,Function,3,distractor,no,NA,no,summer25-JMZ,NA,NA,NA,NA,no,-30.006060606060615,0
8/1/2025,100,1,white circular box,1,the blint,312,No Function,1,shape,no,NA,no,summer25-JMZ,NA,NA,NA,NA,no,12.993939393939383,1
8/1/2025,100,2,the clay plate,2,the zimbo,123,No Function,1,shape,no,NA,no,summer25-JMZ,NA,NA,NA,NA,no,12.993939393939383,1
8/1/2025,100,3,orange box,3,the dax,231,No Function,1,shape,no,NA,yes,summer25-JMZ,NA,NA,NA,NA,no,12.993939393939383,1
8/1/2025,100,4,"green ""s""",4,the fep,312,No Function,1,shape,no,NA,no,summer25-JMZ,NA,NA,NA,NA,no,12.993939393939383,1
8/1/2025,100,5,present wrapped dog toy,5,the blicket,123,Function,1,shape,no,NA,no,summer25-JMZ,NA,NA,NA,NA,no,12.993939393939383,1
8/1/2025,100,6,scissors w/bubbles,6,the gorp,231,Function,1,shape,no,NA,no,summer25-JMZ,NA,NA,NA,NA,no,12.993939393939383,1
8/1/2025,100,7,brown clay heart,7,the wap,312,Function,2,function,no,NA,no,summer25-JMZ,NA,NA,NA,NA,no,12.993939393939383,0
8/1/2025,101,1,white circular box,1,the wap,123,Function,1,shape,no,NA,no,summer25-JMZ,NA,NA,NA,NA,no,15.993939393939383,1
8/1/2025,101,2,the clay plate,2,the blint,231,Function,3,distractor,no,NA,no,summer25-JMZ,NA,NA,NA,NA,no,15.993939393939383,0
8/1/2025,101,3,orange box,3,the zimbo,312,Function,1,shape,no,NA,no,summer25-JMZ,NA,NA,NA,NA,no,15.993939393939383,1
8/1/2025,101,4,"green ""s""",4,the dax,123,Function,1,shape,no,NA,no,summer25-JMZ,NA,NA,NA,NA,no,15.993939393939383,1
8/1/2025,101,5,present wrapped dog toy,5,the fep,231,No Function,1,shape,no,NA,no,summer25-JMZ,NA,NA,NA,NA,no,15.993939393939383,1
8/1/2025,101,6,scissors w/bubbles,6,the blicket,312,No Function,2,material,no,NA,no,summer25-JMZ,NA,NA,NA,NA,no,15.993939393939383,0
8/1/2025,101,7,brown clay heart,7,the gorp,123,No Function,2,material,no,NA,no,summer25-JMZ,NA,NA,NA,NA,no,15.993939393939383,0
8/6/2025,105,1,white circular box,1,the blicket,123,Function,1,shape,no,NA,no,summer25-JMZ,NA,NA,NA,NA,no,22.993939393939385,1
8/6/2025,105,2,the clay plate,2,the gorp,231,Function,1,shape,no,NA,no,summer25-JMZ,NA,NA,NA,NA,no,22.993939393939385,1
8/6/2025,105,3,orange box,3,the wap,312,Function,2,function,no,NA,no,summer25-JMZ,NA,NA,NA,NA,no,22.993939393939385,0
8/6/2025,105,4,"green ""s""",4,the blint,123,Function,1,shape,no,NA,no,summer25-JMZ,NA,NA,NA,NA,no,22.993939393939385,1
8/6/2025,105,5,present wrapped dog toy,5,the zimbo,231,No Function,1,shape,no,NA,no,summer25-JMZ,NA,NA,NA,NA,no,22.993939393939385,1
8/6/2025,105,6,scissors w/bubbles,6,the dax,312,No Function,2,material,no,NA,no,summer25-JMZ,NA,NA,NA,NA,no,22.993939393939385,0
8/6/2025,105,7,brown clay heart,7,the fep,123,No Function,1,shape,no,NA,no,summer25-JMZ,NA,NA,NA,NA,no,22.993939393939385,1
8/8/2025,107,1,white circular box,1,the dax,123,Function,2,function,no,NA,no,summer25-JMZ,NA,NA,NA,NA,no,11.993939393939383,0
8/8/2025,107,2,the clay plate,2,the fep,231,Function,2,function,no,NA,no,summer25-JMZ,NA,NA,NA,NA,yes,11.993939393939383,0
8/8/2025,107,3,orange box,3,the blicket,312,Function,1,shape,no,NA,no,summer25-JMZ,NA,NA,NA,NA,no,11.993939393939383,1
8/8/2025,107,4,"green ""s""",4,the gorp,123,Function,1,shape,no,NA,no,summer25-JMZ,NA,NA,NA,NA,no,11.993939393939383,1
8/8/2025,107,5,present wrapped dog toy,5,the wap,231,No Function,1,shape,no,NA,no,summer25-JMZ,NA,NA,NA,NA,no,11.993939393939383,1
8/8/2025,107,6,scissors w/bubbles,6,the blint,312,No Function,1,shape,no,NA,no,summer25-JMZ,NA,NA,NA,NA,no,11.993939393939383,1
8/8/2025,107,7,brown clay heart,7,the zimbo,123,No Function,2,material,no,NA,no,summer25-JMZ,NA,NA,NA,NA,no,11.993939393939383,0
8/8/2025,108,1,white circular box,1,the zimbo,123,No Function,1,shape,no,NA,no,summer25-JMZ,NA,NA,NA,NA,no,-22.006060606060615,1
8/8/2025,108,2,the clay plate,2,the dax,231,No Function,2,material,no,NA,no,summer25-JMZ,NA,NA,NA,NA,no,-22.006060606060615,0
8/8/2025,108,3,orange box,3,the fep,312,No Function,1,shape,no,NA,yes,summer25-JMZ,NA,NA,NA,NA,no,-22.006060606060615,1
8/8/2025,108,4,"green ""s""",4,the blicket,123,No Function,2,material,no,NA,no,summer25-JMZ,NA,NA,NA,NA,no,-22.006060606060615,0
8/8/2025,108,5,present wrapped dog toy,5,the gorp,231,Function,3,distractor,no,NA,yes,summer25-JMZ,NA,NA,NA,NA,no,-22.006060606060615,0
8/8/2025,108,6,scissors w/bubbles,6,the wap,312,Function,1,shape,no,NA,no,summer25-JMZ,NA,NA,NA,NA,no,-22.006060606060615,1
8/8/2025,108,7,brown clay heart,7,the blint,123,Function,2,function,no,NA,no,summer25-JMZ,NA,NA,NA,NA,no,-22.006060606060615,0
8/13/2025,117,1,white circular box,1,the gorp,312,Function,1,shape,no,NA,no,summer25-JMZ,NA,NA,NA,NA,no,14.993939393939383,1
8/13/2025,117,2,the clay plate,2,the wap,123,Function,1,shape,no,NA,no,summer25-JMZ,NA,NA,NA,NA,no,14.993939393939383,1
8/13/2025,117,3,orange box,3,the blint,231,Function,1,shape,no,NA,no,summer25-JMZ,NA,NA,NA,NA,no,14.993939393939383,1
8/13/2025,117,4,"green ""s""",4,the zimbo,312,Function,1,shape,no,NA,no,summer25-JMZ,NA,NA,NA,NA,no,14.993939393939383,1
8/13/2025,117,5,present wrapped dog toy,5,the dax,123,No Function,1,shape,no,NA,no,summer25-JMZ,NA,NA,NA,NA,no,14.993939393939383,1
8/13/2025,117,6,scissors w/bubbles,6,the fep,231,No Function,2,material,no,NA,no,summer25-JMZ,NA,NA,NA,NA,no,14.993939393939383,0
8/13/2025,117,7,brown clay heart,7,the blicket,312,No Function,2,material,no,NA,no,summer25-JMZ,NA,NA,NA,NA,no,14.993939393939383,0
8/13/2025,118,1,white circular box,1,the blicket,312,No Function,1,shape,no,NA,no,summer25-JMZ,NA,NA,NA,NA,no,-18.006060606060615,1
8/13/2025,118,2,the clay plate,2,the gorp,123,No Function,2,material,no,NA,no,summer25-JMZ,NA,NA,NA,NA,no,-18.006060606060615,0
8/13/2025,118,3,orange box,3,the wap,231,No Function,2,material,no,NA,no,summer25-JMZ,NA,NA,NA,NA,no,-18.006060606060615,0
8/13/2025,118,4,"green ""s""",4,the blint,312,No Function,2,material,no,NA,no,summer25-JMZ,NA,NA,NA,NA,no,-18.006060606060615,0
8/13/2025,118,5,present wrapped dog toy,5,the zimbo,123,Function,1,shape,no,NA,no,summer25-JMZ,NA,NA,NA,NA,no,-18.006060606060615,1
8/13/2025,118,6,scissors w/bubbles,6,the dax,231,Function,2,function,no,NA,no,summer25-JMZ,NA,NA,NA,NA,no,-18.006060606060615,0
8/13/2025,118,7,brown clay heart,7,the fep,312,Function,1,shape,no,NA,no,summer25-JMZ,NA,NA,NA,NA,no,-18.006060606060615,1
8/13/2025,119,1,white circular box,1,the fep,312,Function,1,shape,no,NA,no,summer25-JMZ,NA,NA,NA,NA,no,11.993939393939383,1
8/13/2025,119,2,the clay plate,2,the blicket,123,Function,1,shape,no,NA,no,summer25-JMZ,NA,NA,NA,NA,no,11.993939393939383,1
8/13/2025,119,3,orange box,3,the gorp,231,Function,1,shape,no,NA,no,summer25-JMZ,NA,NA,NA,NA,no,11.993939393939383,1
8/13/2025,119,4,"green ""s""",4,the wap,312,Function,1,shape,no,NA,no,summer25-JMZ,NA,NA,NA,NA,no,11.993939393939383,1
8/13/2025,119,5,present wrapped dog toy,5,the blint,123,No Function,1,shape,no,NA,no,summer25-JMZ,NA,NA,NA,NA,no,11.993939393939383,1
8/13/2025,119,6,scissors w/bubbles,6,the zimbo,231,No Function,1,shape,no,NA,no,summer25-JMZ,NA,NA,NA,NA,no,11.993939393939383,1
8/13/2025,119,7,brown clay heart,7,the dax,312,No Function,2,material,no,NA,no,summer25-JMZ,NA,NA,NA,NA,no,11.993939393939383,0
8/13/2025,120,1,white circular box,1,the dax,312,No Function,1,shape,no,NA,no,summer25-JMZ,NA,NA,NA,NA,no,21.993939393939385,1
8/13/2025,120,2,the clay plate,2,the fep,123,No Function,2,material,no,NA,no,summer25-JMZ,NA,NA,NA,NA,no,21.993939393939385,0
8/13/2025,120,3,orange box,3,the blicket,231,No Function,2,material,no,NA,no,summer25-JMZ,NA,NA,NA,NA,no,21.993939393939385,0
8/13/2025,120,4,"green ""s""",4,the gorp,312,No Function,2,material,no,NA,no,summer25-JMZ,NA,NA,NA,NA,no,21.993939393939385,0
8/13/2025,120,5,present wrapped dog toy,5,the wap,123,Function,1,shape,no,NA,no,summer25-JMZ,NA,NA,NA,NA,no,21.993939393939385,1
8/13/2025,120,6,scissors w/bubbles,6,the blint,231,Function,1,shape,no,NA,no,summer25-JMZ,NA,NA,NA,NA,no,21.993939393939385,1
8/13/2025,120,7,brown clay heart,7,the zimbo,312,Function,2,function,no,NA,no,summer25-JMZ,NA,NA,NA,NA,no,21.993939393939385,0
8/14/2025,122,1,white circular box,1,the blint,123,No Function,2,material,no,NA,no,summer25-JMZ,NA,NA,NA,NA,no,-18.006060606060615,0
8/14/2025,122,2,the clay plate,2,the zimbo,231,No Function,3,distractor,no,NA,no,summer25-JMZ,NA,NA,NA,NA,no,-18.006060606060615,0
8/14/2025,122,3,orange box,3,the dax,312,No Function,1,shape,no,NA,no,summer25-JMZ,NA,NA,NA,NA,no,-18.006060606060615,1
8/14/2025,122,4,"green ""s""",4,the fep,123,No Function,2,material,no,NA,no,summer25-JMZ,NA,NA,NA,NA,no,-18.006060606060615,0
8/14/2025,122,5,present wrapped dog toy,5,the blicket,231,Function,1,shape,no,NA,no,summer25-JMZ,NA,NA,NA,NA,no,-18.006060606060615,1
8/14/2025,122,6,scissors w/bubbles,6,the gorp,312,Function,2,function,no,NA,no,summer25-JMZ,NA,NA,NA,NA,no,-18.006060606060615,0
8/14/2025,122,7,brown clay heart,7,the wap,123,Function,3,distractor,no,NA,no,summer25-JMZ,NA,NA,NA,NA,no,-18.006060606060615,0
8/14/2025,123,1,white circular box,1,the wap,123,Function,1,shape,no,NA,no,summer25-JMZ,NA,NA,NA,NA,no,12.993939393939383,1
8/14/2025,123,2,the clay plate,2,the blint,231,Function,1,shape,no,NA,no,summer25-JMZ,NA,NA,NA,NA,no,12.993939393939383,1
8/14/2025,123,3,orange box,3,the zimbo,312,Function,1,shape,no,NA,no,summer25-JMZ,NA,NA,NA,NA,no,12.993939393939383,1
8/14/2025,123,4,"green ""s""",4,the dax,123,Function,1,shape,no,NA,no,summer25-JMZ,NA,NA,NA,NA,no,12.993939393939383,1
8/14/2025,123,5,present wrapped dog toy,5,the fep,231,No Function,1,shape,no,NA,no,summer25-JMZ,NA,NA,NA,NA,no,12.993939393939383,1
8/14/2025,123,6,scissors w/bubbles,6,the blicket,312,No Function,1,shape,no,NA,no,summer25-JMZ,NA,NA,NA,NA,no,12.993939393939383,1
8/14/2025,123,7,brown clay heart,7,the gorp,123,No Function,2,material,no,NA,no,summer25-JMZ,NA,NA,NA,NA,no,12.993939393939383,0
8/14/2025,124,1,white circular box,1,the gorp,123,No Function,1,shape,no,NA,no,summer25-JMZ,NA,NA,NA,NA,no,-20.006060606060615,1
8/14/2025,124,2,the clay plate,2,the wap,231,No Function,2,material,no,NA,no,summer25-JMZ,NA,NA,NA,NA,no,-20.006060606060615,0
8/14/2025,124,3,orange box,3,the blint,312,No Function,1,shape,no,NA,no,summer25-JMZ,NA,NA,NA,NA,no,-20.006060606060615,1
8/14/2025,124,4,"green ""s""",4,the zimbo,123,No Function,2,material,no,NA,no,summer25-JMZ,NA,NA,NA,NA,no,-20.006060606060615,0
8/14/2025,124,6,scissors w/bubbles,6,the fep,312,Function,1,shape,no,NA,no,summer25-JMZ,NA,NA,NA,NA,no,-20.006060606060615,1
8/14/2025,124,7,brown clay heart,7,the blicket,123,Function,2,function,no,NA,no,summer25-JMZ,NA,NA,NA,NA,no,-20.006060606060615,0
8/14/2025,125,1,white circular box,1,the blicket,123,Function,2,function,no,NA,no,summer25-JMZ,NA,NA,NA,NA,no,-18.006060606060615,0
8/14/2025,125,2,the clay plate,2,the gorp,231,Function,3,distractor,no,NA,no,summer25-JMZ,NA,NA,NA,NA,no,-18.006060606060615,0
8/14/2025,125,3,orange box,3,the wap,312,Function,2,function,no,NA,no,summer25-JMZ,NA,NA,NA,NA,no,-18.006060606060615,0
8/14/2025,125,4,"green ""s""",4,the blint,123,Function,1,shape,no,NA,no,summer25-JMZ,NA,NA,NA,NA,no,-18.006060606060615,1
8/14/2025,125,5,present wrapped dog toy,5,the zimbo,231,No Function,1,shape,no,NA,no,summer25-JMZ,NA,NA,NA,NA,no,-18.006060606060615,1
8/14/2025,125,6,scissors w/bubbles,6,the dax,312,No Function,2,material,no,NA,no,summer25-JMZ,NA,NA,NA,NA,no,-18.006060606060615,0
8/14/2025,125,7,brown clay heart,7,the fep,123,No Function,2,material,no,NA,no,summer25-JMZ,NA,NA,NA,NA,no,-18.006060606060615,0
8/15/2025,126,1,white circular box,1,the fep,123,No Function,1,shape,no,NA,no,summer25-JMZ,NA,NA,NA,NA,no,19.993939393939385,1
8/15/2025,126,3,orange box,3,the gorp,312,No Function,1,shape,no,NA,no,summer25-JMZ,NA,NA,NA,NA,no,19.993939393939385,1
8/15/2025,126,4,"green ""s""",4,the wap,123,No Function,1,shape,no,NA,no,summer25-JMZ,NA,NA,NA,NA,no,19.993939393939385,1
8/15/2025,126,5,present wrapped dog toy,5,the blint,231,Function,1,shape,no,NA,no,summer25-JMZ,NA,NA,NA,NA,no,19.993939393939385,1
8/15/2025,126,6,scissors w/bubbles,6,the zimbo,312,Function,2,function,no,NA,no,summer25-JMZ,NA,NA,NA,NA,no,19.993939393939385,0
8/15/2025,126,7,brown clay heart,7,the dax,123,Function,2,function,no,NA,no,summer25-JMZ,NA,NA,NA,NA,no,19.993939393939385,0
8/15/2025,127,1,white circular box,1,the dax,123,Function,2,function,no,NA,no,summer25-JMZ,NA,NA,NA,NA,no,16.993939393939385,0
8/15/2025,127,2,the clay plate,2,the fep,231,Function,2,function,no,NA,no,summer25-JMZ,NA,NA,NA,NA,no,16.993939393939385,0
8/15/2025,127,3,orange box,3,the blicket,312,Function,2,function,no,NA,no,summer25-JMZ,NA,NA,NA,NA,no,16.993939393939385,0
8/15/2025,127,4,"green ""s""",4,the gorp,123,Function,1,shape,no,NA,no,summer25-JMZ,NA,NA,NA,NA,no,16.993939393939385,1
8/15/2025,127,5,present wrapped dog toy,5,the wap,231,No Function,1,shape,no,NA,no,summer25-JMZ,NA,NA,NA,NA,no,16.993939393939385,1
8/15/2025,127,6,scissors w/bubbles,6,the blint,312,No Function,2,material,no,NA,no,summer25-JMZ,NA,NA,NA,NA,no,16.993939393939385,0
8/15/2025,127,7,brown clay heart,7,the zimbo,123,No Function,2,material,no,NA,no,summer25-JMZ,NA,NA,NA,NA,no,16.993939393939385,0
8/15/2025,130,1,white circular box,1,the wap,123,No Function,2,material,no,NA,no,summer25-JMZ,NA,NA,NA,NA,no,10.993939393939383,0
8/15/2025,130,2,the clay plate,2,the blint,231,No Function,2,material,no,NA,no,summer25-JMZ,NA,NA,NA,NA,no,10.993939393939383,0
8/15/2025,130,3,orange box,3,the zimbo,312,No Function,1,shape,no,NA,no,summer25-JMZ,NA,NA,NA,NA,no,10.993939393939383,1
8/15/2025,130,4,"green ""s""",4,the dax,123,No Function,2,material,no,NA,no,summer25-JMZ,NA,NA,NA,NA,no,10.993939393939383,0
8/15/2025,130,5,present wrapped dog toy,5,the fep,231,Function,1,shape,no,NA,no,summer25-JMZ,NA,NA,NA,NA,no,10.993939393939383,1
8/15/2025,130,6,scissors w/bubbles,6,the blicket,312,Function,2,function,no,NA,no,summer25-JMZ,NA,NA,NA,NA,no,10.993939393939383,0
8/15/2025,130,7,brown clay heart,7,the gorp,123,Function,2,function,no,NA,no,summer25-JMZ,NA,NA,NA,NA,no,10.993939393939383,0
